date_publish,narrative_protest,narrative_corruption,narrative_economic
2018-01-07,21.857142857142858,4.571428571428571,42.42857142857143
2018-01-08,25.142857142857142,5.0,49.857142857142854
2018-01-09,25.142857142857142,4.714285714285714,51.142857142857146
2018-01-10,25.285714285714285,4.428571428571429,53.285714285714285
2018-01-11,24.571428571428573,4.142857142857143,55.857142857142854
2018-01-12,22.285714285714285,3.5714285714285716,54.857142857142854
2018-01-13,20.0,4.0,54.714285714285715
2018-01-14,18.0,4.714285714285714,55.714285714285715
2018-01-15,15.428571428571429,5.0,55.714285714285715
2018-01-16,15.428571428571429,5.285714285714286,55.285714285714285
2018-01-17,14.571428571428571,5.857142857142857,53.285714285714285
2018-01-18,13.571428571428571,6.428571428571429,49.285714285714285
2018-01-19,12.857142857142858,6.142857142857143,45.857142857142854
2018-01-20,13.285714285714286,5.857142857142857,46.57142857142857
2018-01-21,13.285714285714286,4.857142857142857,46.285714285714285
2018-01-22,12.857142857142858,4.714285714285714,47.0
2018-01-23,12.285714285714286,4.714285714285714,49.142857142857146
2018-01-24,11.714285714285714,4.571428571428571,50.0
2018-01-25,12.285714285714286,3.857142857142857,52.42857142857143
2018-01-26,13.0,4.285714285714286,51.285714285714285
2018-01-27,13.142857142857142,4.142857142857143,51.285714285714285
2018-01-28,12.714285714285714,4.714285714285714,51.142857142857146
2018-01-29,13.142857142857142,4.285714285714286,48.857142857142854
2018-01-30,11.857142857142858,4.285714285714286,46.57142857142857
2018-01-31,11.142857142857142,4.0,41.285714285714285
2018-02-01,10.428571428571429,4.142857142857143,39.142857142857146
2018-02-02,9.142857142857142,4.857142857142857,40.857142857142854
2018-02-03,9.142857142857142,5.428571428571429,40.42857142857143
2018-02-04,8.857142857142858,5.142857142857143,40.142857142857146
2018-02-05,8.142857142857142,5.857142857142857,41.285714285714285
2018-02-06,8.428571428571429,6.428571428571429,42.0
2018-02-07,9.0,7.142857142857143,45.142857142857146
2018-02-08,8.142857142857142,7.0,43.857142857142854
2018-02-09,8.0,5.857142857142857,43.857142857142854
2018-02-10,7.428571428571429,5.142857142857143,42.57142857142857
2018-02-11,7.142857142857143,5.0,42.0
2018-02-12,7.428571428571429,4.428571428571429,39.857142857142854
2018-02-13,7.571428571428571,4.0,39.0
2018-02-14,7.0,3.857142857142857,38.857142857142854
2018-02-15,7.428571428571429,3.857142857142857,34.142857142857146
2018-02-16,6.857142857142857,3.857142857142857,27.428571428571427
2018-02-17,7.428571428571429,4.0,27.285714285714285
2018-02-18,8.571428571428571,3.857142857142857,26.428571428571427
2018-02-19,8.142857142857142,3.5714285714285716,21.714285714285715
2018-02-20,7.0,2.7142857142857144,17.285714285714285
2018-02-21,7.0,1.8571428571428572,15.0
2018-02-22,7.428571428571429,2.142857142857143,18.571428571428573
2018-02-23,7.857142857142857,2.0,24.285714285714285
2018-02-24,8.142857142857142,2.4285714285714284,26.0
2018-02-25,7.571428571428571,2.4285714285714284,26.714285714285715
2018-02-26,7.285714285714286,2.5714285714285716,33.0
2018-02-27,9.0,2.7142857142857144,34.57142857142857
2018-02-28,8.142857142857142,2.5714285714285716,32.714285714285715
2018-03-01,8.714285714285714,2.857142857142857,36.57142857142857
2018-03-02,11.428571428571429,3.142857142857143,37.142857142857146
2018-03-03,11.714285714285714,2.7142857142857144,36.285714285714285
2018-03-04,12.285714285714286,3.2857142857142856,36.714285714285715
2018-03-05,15.285714285714286,4.428571428571429,37.857142857142854
2018-03-06,15.142857142857142,5.285714285714286,42.142857142857146
2018-03-07,17.857142857142858,6.285714285714286,49.857142857142854
2018-03-08,19.285714285714285,6.428571428571429,46.857142857142854
2018-03-09,18.0,6.857142857142857,47.714285714285715
2018-03-10,18.857142857142858,7.0,47.714285714285715
2018-03-11,18.714285714285715,6.714285714285714,47.714285714285715
2018-03-12,17.857142857142858,6.714285714285714,45.857142857142854
2018-03-13,18.142857142857142,7.857142857142857,43.57142857142857
2018-03-14,18.571428571428573,9.0,40.142857142857146
2018-03-15,20.0,9.0,44.42857142857143
2018-03-16,20.857142857142858,9.857142857142858,47.714285714285715
2018-03-17,22.285714285714285,11.571428571428571,50.857142857142854
2018-03-18,22.714285714285715,12.571428571428571,54.0
2018-03-19,23.0,12.571428571428571,53.857142857142854
2018-03-20,22.857142857142858,12.428571428571429,56.42857142857143
2018-03-21,21.285714285714285,11.714285714285714,58.57142857142857
2018-03-22,18.714285714285715,12.142857142857142,59.285714285714285
2018-03-23,19.428571428571427,12.714285714285714,58.0
2018-03-24,19.142857142857142,11.0,55.42857142857143
2018-03-25,19.714285714285715,10.285714285714286,53.857142857142854
2018-03-26,19.714285714285715,9.428571428571429,52.857142857142854
2018-03-27,20.428571428571427,8.428571428571429,52.285714285714285
2018-03-28,22.0,8.428571428571429,52.42857142857143
2018-03-29,23.0,8.714285714285714,50.714285714285715
2018-03-30,22.428571428571427,7.428571428571429,49.714285714285715
2018-03-31,20.285714285714285,7.571428571428571,49.42857142857143
2018-04-01,19.857142857142858,7.857142857142857,48.857142857142854
2018-04-02,20.571428571428573,8.428571428571429,50.142857142857146
2018-04-03,21.142857142857142,8.571428571428571,49.285714285714285
2018-04-04,22.285714285714285,8.571428571428571,43.714285714285715
2018-04-05,21.142857142857142,7.857142857142857,38.285714285714285
2018-04-06,19.0,8.0,34.142857142857146
2018-04-07,21.571428571428573,9.857142857142858,36.285714285714285
2018-04-08,21.714285714285715,9.571428571428571,36.857142857142854
2018-04-09,19.714285714285715,9.714285714285714,35.142857142857146
2018-04-10,18.0,9.714285714285714,34.0
2018-04-11,15.571428571428571,11.857142857142858,37.714285714285715
2018-04-12,16.142857142857142,11.857142857142858,41.285714285714285
2018-04-13,17.714285714285715,11.857142857142858,42.285714285714285
2018-04-14,15.857142857142858,9.571428571428571,42.0
2018-04-15,15.428571428571429,9.714285714285714,42.714285714285715
2018-04-16,15.428571428571429,9.0,46.285714285714285
2018-04-17,16.428571428571427,9.0,47.57142857142857
2018-04-18,18.571428571428573,6.142857142857143,47.57142857142857
2018-04-19,18.0,6.0,48.285714285714285
2018-04-20,18.857142857142858,5.714285714285714,49.0
2018-04-21,20.285714285714285,6.428571428571429,49.142857142857146
2018-04-22,19.428571428571427,7.428571428571429,49.57142857142857
2018-04-23,20.857142857142858,7.142857142857143,46.0
2018-04-24,22.714285714285715,7.285714285714286,45.142857142857146
2018-04-25,25.857142857142858,8.428571428571429,44.142857142857146
2018-04-26,32.0,9.0,41.285714285714285
2018-04-27,31.857142857142858,8.714285714285714,40.57142857142857
2018-04-28,30.142857142857142,8.571428571428571,39.285714285714285
2018-04-29,30.857142857142858,7.571428571428571,37.57142857142857
2018-04-30,28.142857142857142,7.714285714285714,33.142857142857146
2018-05-01,26.428571428571427,7.428571428571429,32.142857142857146
2018-05-02,23.571428571428573,7.0,36.57142857142857
2018-05-03,18.428571428571427,7.428571428571429,41.714285714285715
2018-05-04,20.428571428571427,7.285714285714286,43.714285714285715
2018-05-05,22.714285714285715,8.142857142857142,45.42857142857143
2018-05-06,24.714285714285715,8.285714285714286,46.714285714285715
2018-05-07,29.0,9.571428571428571,55.57142857142857
2018-05-08,30.285714285714285,10.285714285714286,59.714285714285715
2018-05-09,30.428571428571427,10.285714285714286,58.57142857142857
2018-05-10,30.571428571428573,10.428571428571429,58.285714285714285
2018-05-11,28.428571428571427,11.571428571428571,59.714285714285715
2018-05-12,27.142857142857142,11.857142857142858,58.857142857142854
2018-05-13,25.142857142857142,11.428571428571429,57.0
2018-05-14,22.428571428571427,10.142857142857142,55.57142857142857
2018-05-15,21.428571428571427,9.142857142857142,53.857142857142854
2018-05-16,21.142857142857142,8.857142857142858,50.0
2018-05-17,18.857142857142858,7.0,45.857142857142854
2018-05-18,18.0,5.714285714285714,43.57142857142857
2018-05-19,16.285714285714285,4.428571428571429,44.142857142857146
2018-05-20,15.571428571428571,4.285714285714286,46.42857142857143
2018-05-21,16.571428571428573,4.142857142857143,46.285714285714285
2018-05-22,14.857142857142858,4.571428571428571,44.0
2018-05-23,12.714285714285714,3.5714285714285716,42.0
2018-05-24,13.714285714285714,4.0,42.142857142857146
2018-05-25,11.714285714285714,3.857142857142857,38.142857142857146
2018-05-26,12.571428571428571,3.857142857142857,35.714285714285715
2018-05-27,12.428571428571429,4.142857142857143,34.142857142857146
2018-05-28,10.714285714285714,4.714285714285714,31.571428571428573
2018-05-29,11.285714285714286,4.285714285714286,32.42857142857143
2018-05-30,10.857142857142858,5.714285714285714,33.142857142857146
2018-05-31,9.142857142857142,5.0,27.714285714285715
2018-06-01,11.714285714285714,6.285714285714286,30.142857142857142
2018-06-02,12.571428571428571,6.142857142857143,32.285714285714285
2018-06-03,13.428571428571429,6.857142857142857,33.714285714285715
2018-06-04,14.428571428571429,6.714285714285714,34.0
2018-06-05,15.0,7.857142857142857,35.42857142857143
2018-06-06,16.857142857142858,7.0,39.57142857142857
2018-06-07,18.857142857142858,7.714285714285714,45.857142857142854
2018-06-08,18.428571428571427,7.714285714285714,46.285714285714285
2018-06-09,17.714285714285715,8.142857142857142,44.285714285714285
2018-06-10,18.285714285714285,7.714285714285714,43.0
2018-06-11,19.285714285714285,7.714285714285714,42.142857142857146
2018-06-12,19.0,6.142857142857143,38.0
2018-06-13,18.571428571428573,6.285714285714286,36.42857142857143
2018-06-14,17.714285714285715,6.857142857142857,38.142857142857146
2018-06-15,16.857142857142858,5.571428571428571,37.857142857142854
2018-06-16,17.285714285714285,5.571428571428571,38.714285714285715
2018-06-17,16.428571428571427,5.285714285714286,38.0
2018-06-18,14.857142857142858,5.428571428571429,35.42857142857143
2018-06-19,13.428571428571429,5.428571428571429,40.285714285714285
2018-06-20,13.285714285714286,5.571428571428571,38.285714285714285
2018-06-21,15.285714285714286,5.571428571428571,34.142857142857146
2018-06-22,15.714285714285714,6.142857142857143,36.42857142857143
2018-06-23,15.285714285714286,5.714285714285714,35.857142857142854
2018-06-24,17.142857142857142,5.714285714285714,36.142857142857146
2018-06-25,18.571428571428573,5.428571428571429,40.285714285714285
2018-06-26,19.428571428571427,5.285714285714286,39.57142857142857
2018-06-27,19.571428571428573,4.714285714285714,41.0
2018-06-28,20.0,4.428571428571429,43.42857142857143
2018-06-29,20.857142857142858,4.428571428571429,39.57142857142857
2018-06-30,19.428571428571427,4.285714285714286,38.0
2018-07-01,17.857142857142858,4.142857142857143,37.57142857142857
2018-07-02,17.571428571428573,4.714285714285714,37.714285714285715
2018-07-03,17.714285714285715,6.142857142857143,39.142857142857146
2018-07-04,17.571428571428573,6.0,39.42857142857143
2018-07-05,16.714285714285715,6.571428571428571,40.57142857142857
2018-07-06,16.571428571428573,7.428571428571429,44.0
2018-07-07,18.857142857142858,8.142857142857142,46.857142857142854
2018-07-08,19.0,8.714285714285714,48.0
2018-07-09,18.857142857142858,8.714285714285714,46.142857142857146
2018-07-10,18.428571428571427,7.571428571428571,43.57142857142857
2018-07-11,17.285714285714285,7.428571428571429,43.142857142857146
2018-07-12,16.857142857142858,6.285714285714286,40.57142857142857
2018-07-13,15.571428571428571,5.142857142857143,38.142857142857146
2018-07-14,15.428571428571429,4.428571428571429,37.0
2018-07-15,15.857142857142858,3.7142857142857144,36.285714285714285
2018-07-16,15.428571428571429,3.142857142857143,36.714285714285715
2018-07-17,15.714285714285714,2.857142857142857,35.285714285714285
2018-07-18,17.857142857142858,3.0,33.142857142857146
2018-07-19,16.857142857142858,3.142857142857143,33.57142857142857
2018-07-20,17.571428571428573,3.4285714285714284,32.285714285714285
2018-07-21,16.428571428571427,4.0,33.0
2018-07-22,15.142857142857142,3.5714285714285716,31.714285714285715
2018-07-23,14.0,4.0,30.142857142857142
2018-07-24,13.571428571428571,4.714285714285714,29.571428571428573
2018-07-25,10.714285714285714,4.857142857142857,30.0
2018-07-26,10.428571428571429,5.857142857142857,30.285714285714285
2018-07-27,9.142857142857142,6.428571428571429,31.714285714285715
2018-07-28,8.428571428571429,5.714285714285714,31.0
2018-07-29,8.428571428571429,6.142857142857143,31.571428571428573
2018-07-30,8.571428571428571,5.285714285714286,31.714285714285715
2018-07-31,7.714285714285714,4.428571428571429,28.0
2018-08-01,8.857142857142858,4.714285714285714,28.428571428571427
2018-08-02,9.571428571428571,3.7142857142857144,28.285714285714285
2018-08-03,9.857142857142858,2.5714285714285716,27.857142857142858
2018-08-04,10.285714285714286,3.142857142857143,27.857142857142858
2018-08-05,10.571428571428571,3.7142857142857144,27.857142857142858
2018-08-06,11.0,3.857142857142857,29.0
2018-08-07,13.571428571428571,4.857142857142857,34.0
2018-08-08,14.714285714285714,5.571428571428571,33.857142857142854
2018-08-09,15.0,6.571428571428571,33.42857142857143
2018-08-10,16.142857142857142,6.714285714285714,34.0
2018-08-11,15.714285714285714,6.428571428571429,33.0
2018-08-12,15.428571428571429,5.571428571428571,33.0
2018-08-13,15.285714285714286,6.285714285714286,32.0
2018-08-14,14.428571428571429,6.0,31.142857142857142
2018-08-15,12.571428571428571,5.571428571428571,29.285714285714285
2018-08-16,14.142857142857142,5.285714285714286,30.714285714285715
2018-08-17,14.142857142857142,5.571428571428571,30.285714285714285
2018-08-18,13.857142857142858,5.571428571428571,30.0
2018-08-19,14.714285714285714,6.285714285714286,29.857142857142858
2018-08-20,14.0,5.571428571428571,29.714285714285715
2018-08-21,13.0,5.142857142857143,28.428571428571427
2018-08-22,13.0,5.571428571428571,30.428571428571427
2018-08-23,11.571428571428571,6.0,29.0
2018-08-24,10.0,6.142857142857143,30.142857142857142
2018-08-25,10.428571428571429,5.857142857142857,31.285714285714285
2018-08-26,9.714285714285714,5.142857142857143,30.428571428571427
2018-08-27,9.285714285714286,5.428571428571429,31.142857142857142
2018-08-28,8.428571428571429,6.571428571428571,32.285714285714285
2018-08-29,9.0,5.714285714285714,32.714285714285715
2018-08-30,8.714285714285714,4.571428571428571,31.857142857142858
2018-08-31,8.428571428571429,3.7142857142857144,26.857142857142858
2018-09-01,7.857142857142857,4.142857142857143,25.714285714285715
2018-09-02,7.428571428571429,4.714285714285714,25.714285714285715
2018-09-03,8.0,4.142857142857143,25.571428571428573
2018-09-04,9.0,3.4285714285714284,24.857142857142858
2018-09-05,8.142857142857142,4.714285714285714,24.0
2018-09-06,6.428571428571429,4.571428571428571,26.0
2018-09-07,6.714285714285714,5.0,30.714285714285715
2018-09-08,6.428571428571429,4.571428571428571,31.142857142857142
2018-09-09,6.285714285714286,4.428571428571429,31.142857142857142
2018-09-10,7.285714285714286,4.714285714285714,30.285714285714285
2018-09-11,8.142857142857142,4.571428571428571,29.857142857142858
2018-09-12,9.428571428571429,3.5714285714285716,31.857142857142858
2018-09-13,10.142857142857142,4.0,32.0
2018-09-14,11.285714285714286,4.0,32.42857142857143
2018-09-15,15.142857142857142,5.571428571428571,49.142857142857146
2018-09-16,15.428571428571429,5.428571428571429,49.714285714285715
2018-09-17,14.857142857142858,5.571428571428571,50.42857142857143
2018-09-18,13.571428571428571,5.142857142857143,50.285714285714285
2018-09-19,13.285714285714286,5.428571428571429,49.57142857142857
2018-09-20,13.285714285714286,5.285714285714286,45.42857142857143
2018-09-21,12.857142857142858,5.428571428571429,42.142857142857146
2018-09-22,9.0,4.285714285714286,24.857142857142858
2018-09-23,9.142857142857142,3.857142857142857,24.428571428571427
2018-09-24,7.714285714285714,3.4285714285714284,20.714285714285715
2018-09-25,8.142857142857142,3.857142857142857,21.857142857142858
2018-09-26,7.0,2.857142857142857,19.714285714285715
2018-09-27,7.142857142857143,2.5714285714285716,23.142857142857142
2018-09-28,6.142857142857143,3.2857142857142856,25.428571428571427
2018-09-29,6.714285714285714,3.4285714285714284,25.571428571428573
2018-09-30,5.857142857142857,3.4285714285714284,24.285714285714285
2018-10-01,6.714285714285714,3.7142857142857144,27.0
2018-10-02,6.857142857142857,3.7142857142857144,25.571428571428573
2018-10-03,6.571428571428571,3.7142857142857144,26.571428571428573
2018-10-04,6.0,3.2857142857142856,24.0
2018-10-05,6.285714285714286,2.857142857142857,22.857142857142858
2018-10-06,6.285714285714286,2.7142857142857144,23.428571428571427
2018-10-07,7.0,2.857142857142857,25.428571428571427
2018-10-08,7.285714285714286,3.142857142857143,26.857142857142858
2018-10-09,7.142857142857143,3.4285714285714284,29.428571428571427
2018-10-10,6.571428571428571,4.428571428571429,27.285714285714285
2018-10-11,6.857142857142857,5.0,28.428571428571427
2018-10-12,7.0,4.857142857142857,27.857142857142858
2018-10-13,7.0,4.571428571428571,28.857142857142858
2018-10-14,6.857142857142857,4.571428571428571,29.142857142857142
2018-10-15,6.428571428571429,4.285714285714286,27.285714285714285
2018-10-16,6.285714285714286,4.0,26.142857142857142
2018-10-17,7.0,3.7142857142857144,28.0
2018-10-18,6.714285714285714,4.142857142857143,30.0
2018-10-19,7.428571428571429,4.142857142857143,29.285714285714285
2018-10-20,7.285714285714286,4.0,27.714285714285715
2018-10-21,7.0,4.285714285714286,25.857142857142858
2018-10-22,7.285714285714286,4.285714285714286,26.142857142857142
2018-10-23,6.142857142857143,3.857142857142857,24.0
2018-10-24,6.285714285714286,4.0,23.142857142857142
2018-10-25,7.0,3.2857142857142856,21.142857142857142
2018-10-26,5.714285714285714,2.857142857142857,22.285714285714285
2018-10-27,5.571428571428571,3.7142857142857144,23.428571428571427
2018-10-28,5.857142857142857,4.0,25.142857142857142
2018-10-29,5.571428571428571,4.285714285714286,26.285714285714285
2018-10-30,6.142857142857143,5.0,26.142857142857142
2018-10-31,5.0,4.0,22.571428571428573
2018-11-01,5.857142857142857,4.285714285714286,20.857142857142858
2018-11-02,7.142857142857143,5.0,22.428571428571427
2018-11-03,8.571428571428571,4.714285714285714,23.285714285714285
2018-11-04,9.857142857142858,4.428571428571429,24.285714285714285
2018-11-05,10.571428571428571,4.714285714285714,26.571428571428573
2018-11-06,12.142857142857142,5.571428571428571,30.857142857142858
2018-11-07,15.0,7.714285714285714,35.42857142857143
2018-11-08,13.142857142857142,8.428571428571429,38.57142857142857
2018-11-09,13.714285714285714,8.571428571428571,38.714285714285715
2018-11-10,12.857142857142858,8.571428571428571,38.0
2018-11-11,12.0,8.857142857142858,38.142857142857146
2018-11-12,11.714285714285714,8.714285714285714,37.57142857142857
2018-11-13,10.857142857142858,9.428571428571429,36.142857142857146
2018-11-14,10.428571428571429,8.142857142857142,37.57142857142857
2018-11-15,13.142857142857142,7.857142857142857,37.57142857142857
2018-11-16,13.285714285714286,7.714285714285714,37.142857142857146
2018-11-17,14.0,7.428571428571429,36.0
2018-11-18,14.285714285714286,7.428571428571429,35.0
2018-11-19,16.857142857142858,7.714285714285714,34.142857142857146
2018-11-20,18.285714285714285,7.0,32.142857142857146
2018-11-21,19.428571428571427,7.0,34.285714285714285
2018-11-22,18.571428571428573,6.857142857142857,35.285714285714285
2018-11-23,18.571428571428573,6.142857142857143,35.142857142857146
2018-11-24,19.0,6.428571428571429,36.0
2018-11-25,20.571428571428573,6.571428571428571,37.57142857142857
2018-11-26,19.142857142857142,6.285714285714286,38.857142857142854
2018-11-27,19.0,5.428571428571429,40.42857142857143
2018-11-28,16.857142857142858,5.285714285714286,37.857142857142854
2018-11-29,16.285714285714285,5.0,35.857142857142854
2018-11-30,15.428571428571429,4.857142857142857,34.0
2018-12-01,14.857142857142858,4.857142857142857,34.42857142857143
2018-12-02,14.285714285714286,4.714285714285714,34.0
2018-12-03,14.571428571428571,5.0,34.857142857142854
2018-12-04,14.285714285714286,5.142857142857143,37.285714285714285
2018-12-05,15.142857142857142,6.0,38.714285714285715
2018-12-06,16.428571428571427,6.142857142857143,37.57142857142857
2018-12-07,17.285714285714285,6.857142857142857,39.57142857142857
2018-12-08,18.428571428571427,6.714285714285714,40.42857142857143
2018-12-09,19.285714285714285,7.285714285714286,38.857142857142854
2018-12-10,20.857142857142858,7.571428571428571,37.57142857142857
2018-12-11,20.857142857142858,7.428571428571429,33.57142857142857
2018-12-12,22.857142857142858,7.714285714285714,31.142857142857142
2018-12-13,22.857142857142858,7.714285714285714,33.57142857142857
2018-12-14,21.428571428571427,7.428571428571429,33.0
2018-12-15,21.428571428571427,8.0,31.571428571428573
2018-12-16,20.714285714285715,7.571428571428571,32.0
2018-12-17,19.571428571428573,7.285714285714286,31.857142857142858
2018-12-18,20.857142857142858,9.571428571428571,35.142857142857146
2018-12-19,21.714285714285715,10.0,38.857142857142854
2018-12-20,23.142857142857142,11.0,40.57142857142857
2018-12-21,25.571428571428573,12.428571428571429,42.714285714285715
2018-12-22,26.142857142857142,13.714285714285714,45.285714285714285
2018-12-23,26.857142857142858,14.0,46.142857142857146
2018-12-24,26.285714285714285,14.571428571428571,46.857142857142854
2018-12-25,24.714285714285715,12.857142857142858,46.57142857142857
2018-12-26,22.714285714285715,12.285714285714286,43.142857142857146
2018-12-27,20.0,12.571428571428571,40.57142857142857
2018-12-28,20.142857142857142,12.714285714285714,41.142857142857146
2018-12-29,20.285714285714285,12.0,38.142857142857146
2018-12-30,17.857142857142858,11.571428571428571,37.142857142857146
2018-12-31,16.428571428571427,10.0,32.42857142857143
2019-01-01,16.571428571428573,9.428571428571429,26.857142857142858
2019-01-02,16.0,9.857142857142858,29.571428571428573
2019-01-03,18.142857142857142,8.714285714285714,31.142857142857142
2019-01-04,16.285714285714285,7.428571428571429,29.857142857142858
2019-01-05,16.285714285714285,6.285714285714286,31.0
2019-01-06,17.428571428571427,6.0,32.0
2019-01-07,20.142857142857142,7.142857142857143,36.857142857142854
2019-01-08,21.428571428571427,7.714285714285714,41.142857142857146
2019-01-09,20.857142857142858,7.714285714285714,40.42857142857143
2019-01-10,19.714285714285715,8.0,40.714285714285715
2019-01-11,20.571428571428573,8.857142857142858,42.42857142857143
2019-01-12,19.0,10.0,42.142857142857146
2019-01-13,19.0,10.142857142857142,41.0
2019-01-14,17.571428571428573,10.428571428571429,39.714285714285715
2019-01-15,16.857142857142858,9.142857142857142,40.714285714285715
2019-01-16,17.714285714285715,9.0,38.714285714285715
2019-01-17,17.0,8.857142857142858,35.57142857142857
2019-01-18,17.714285714285715,8.571428571428571,32.714285714285715
2019-01-19,17.428571428571427,7.428571428571429,34.142857142857146
2019-01-20,17.142857142857142,7.142857142857143,35.0
2019-01-21,16.0,6.142857142857143,35.857142857142854
2019-01-22,16.857142857142858,6.714285714285714,35.142857142857146
2019-01-23,16.714285714285715,6.428571428571429,37.42857142857143
2019-01-24,20.0,7.0,40.57142857142857
2019-01-25,21.142857142857142,6.857142857142857,42.857142857142854
2019-01-26,22.571428571428573,6.857142857142857,43.142857142857146
2019-01-27,23.0,7.285714285714286,44.142857142857146
2019-01-28,25.142857142857142,10.0,47.42857142857143
2019-01-29,25.0,13.142857142857142,51.857142857142854
2019-01-30,24.571428571428573,13.428571428571429,52.142857142857146
2019-01-31,19.857142857142858,12.428571428571429,47.142857142857146
2019-02-01,20.571428571428573,13.0,49.857142857142854
2019-02-02,19.857142857142858,13.714285714285714,51.57142857142857
2019-02-03,19.571428571428573,14.428571428571429,50.857142857142854
2019-02-04,19.714285714285715,13.285714285714286,46.0
2019-02-05,17.857142857142858,9.714285714285714,38.0
2019-02-06,17.428571428571427,9.285714285714286,33.0
2019-02-07,19.714285714285715,10.0,33.142857142857146
2019-02-08,21.428571428571427,9.142857142857142,30.857142857142858
2019-02-09,26.285714285714285,9.142857142857142,31.285714285714285
2019-02-10,30.714285714285715,9.142857142857142,36.42857142857143
2019-02-11,33.857142857142854,8.285714285714286,39.142857142857146
2019-02-12,33.714285714285715,7.857142857142857,44.857142857142854
2019-02-13,37.42857142857143,7.714285714285714,54.42857142857143
2019-02-14,40.857142857142854,7.571428571428571,61.857142857142854
2019-02-15,40.142857142857146,8.428571428571429,64.85714285714286
2019-02-16,35.57142857142857,8.142857142857142,63.0
2019-02-17,32.142857142857146,7.285714285714286,57.857142857142854
2019-02-18,30.142857142857142,8.285714285714286,57.57142857142857
2019-02-19,32.142857142857146,10.0,56.0
2019-02-20,30.142857142857142,9.714285714285714,51.285714285714285
2019-02-21,28.285714285714285,11.285714285714286,49.857142857142854
2019-02-22,27.714285714285715,11.571428571428571,49.0
2019-02-23,28.857142857142858,12.571428571428571,49.142857142857146
2019-02-24,28.0,14.285714285714286,49.714285714285715
2019-02-25,27.142857142857142,12.857142857142858,50.285714285714285
2019-02-26,29.0,12.857142857142858,54.285714285714285
2019-02-27,30.0,13.857142857142858,60.57142857142857
2019-02-28,26.428571428571427,11.428571428571429,53.142857142857146
2019-03-01,22.571428571428573,10.714285714285714,48.0
2019-03-02,21.0,10.428571428571429,46.42857142857143
2019-03-03,21.714285714285715,9.428571428571429,46.57142857142857
2019-03-04,23.571428571428573,10.0,48.714285714285715
2019-03-05,22.285714285714285,10.571428571428571,50.57142857142857
2019-03-06,22.571428571428573,10.571428571428571,46.0
2019-03-07,25.571428571428573,13.285714285714286,53.857142857142854
2019-03-08,27.0,13.285714285714286,58.142857142857146
2019-03-09,28.285714285714285,12.285714285714286,57.714285714285715
2019-03-10,29.142857142857142,11.857142857142858,57.714285714285715
2019-03-11,28.428571428571427,12.714285714285714,55.285714285714285
2019-03-12,28.285714285714285,13.0,50.285714285714285
2019-03-13,27.285714285714285,15.285714285714286,54.714285714285715
2019-03-14,27.0,16.857142857142858,54.57142857142857
2019-03-15,28.285714285714285,18.428571428571427,53.714285714285715
2019-03-16,28.285714285714285,20.571428571428573,54.142857142857146
2019-03-17,26.857142857142858,21.285714285714285,53.57142857142857
2019-03-18,26.571428571428573,21.857142857142858,52.142857142857146
2019-03-19,25.571428571428573,21.428571428571427,53.714285714285715
2019-03-20,27.0,21.142857142857142,49.142857142857146
2019-03-21,28.571428571428573,19.714285714285715,50.714285714285715
2019-03-22,29.285714285714285,20.142857142857142,53.57142857142857
2019-03-23,29.142857142857142,18.857142857142858,54.857142857142854
2019-03-24,30.142857142857142,18.571428571428573,55.57142857142857
2019-03-25,29.571428571428573,18.0,56.0
2019-03-26,32.0,20.142857142857142,55.142857142857146
2019-03-27,31.428571428571427,19.857142857142858,56.42857142857143
2019-03-28,30.714285714285715,20.0,57.714285714285715
2019-03-29,30.714285714285715,19.714285714285715,57.142857142857146
2019-03-30,31.857142857142858,19.428571428571427,56.857142857142854
2019-03-31,29.714285714285715,18.285714285714285,53.57142857142857
2019-04-01,29.571428571428573,17.285714285714285,52.714285714285715
2019-04-02,30.428571428571427,15.714285714285714,54.57142857142857
2019-04-03,32.285714285714285,14.428571428571429,52.857142857142854
2019-04-04,31.857142857142858,13.285714285714286,47.42857142857143
2019-04-05,31.142857142857142,12.428571428571429,42.142857142857146
2019-04-06,30.714285714285715,12.428571428571429,44.285714285714285
2019-04-07,32.857142857142854,13.428571428571429,48.0
2019-04-08,35.142857142857146,15.0,49.714285714285715
2019-04-09,38.857142857142854,15.571428571428571,50.857142857142854
2019-04-10,38.57142857142857,16.0,50.285714285714285
2019-04-11,41.42857142857143,16.142857142857142,53.714285714285715
2019-04-12,40.285714285714285,16.571428571428573,58.0
2019-04-13,39.42857142857143,17.428571428571427,55.42857142857143
2019-04-14,39.42857142857143,17.285714285714285,55.142857142857146
2019-04-15,40.285714285714285,17.0,58.142857142857146
2019-04-16,34.285714285714285,15.571428571428571,55.285714285714285
2019-04-17,31.142857142857142,15.0,56.0
2019-04-18,28.285714285714285,15.142857142857142,54.42857142857143
2019-04-19,28.714285714285715,13.714285714285714,50.0
2019-04-20,30.285714285714285,13.0,49.142857142857146
2019-04-21,30.285714285714285,13.0,47.857142857142854
2019-04-22,27.571428571428573,12.571428571428571,44.57142857142857
2019-04-23,27.571428571428573,12.714285714285714,45.42857142857143
2019-04-24,31.571428571428573,11.428571428571429,46.285714285714285
2019-04-25,33.0,11.0,45.714285714285715
2019-04-26,34.57142857142857,13.142857142857142,47.714285714285715
2019-04-27,32.57142857142857,13.428571428571429,50.57142857142857
2019-04-28,32.0,13.285714285714286,52.0
2019-04-29,32.285714285714285,12.571428571428571,49.57142857142857
2019-04-30,30.0,11.142857142857142,42.57142857142857
2019-05-01,28.714285714285715,11.428571428571429,37.57142857142857
2019-05-02,28.142857142857142,11.857142857142858,37.285714285714285
2019-05-03,28.142857142857142,10.571428571428571,36.57142857142857
2019-05-04,30.714285714285715,10.142857142857142,36.285714285714285
2019-05-05,32.285714285714285,10.142857142857142,35.57142857142857
2019-05-06,32.714285714285715,10.285714285714286,38.0
2019-05-07,34.42857142857143,11.714285714285714,42.714285714285715
2019-05-08,34.857142857142854,12.571428571428571,46.857142857142854
2019-05-09,36.142857142857146,12.285714285714286,47.0
2019-05-10,33.142857142857146,12.0,45.857142857142854
2019-05-11,31.714285714285715,11.571428571428571,44.42857142857143
2019-05-12,30.428571428571427,11.285714285714286,43.57142857142857
2019-05-13,29.285714285714285,10.857142857142858,43.142857142857146
2019-05-14,28.428571428571427,9.714285714285714,44.142857142857146
2019-05-15,25.142857142857142,8.428571428571429,39.857142857142854
2019-05-16,23.428571428571427,8.0,38.42857142857143
2019-05-17,24.142857142857142,7.428571428571429,38.57142857142857
2019-05-18,23.142857142857142,7.142857142857143,37.714285714285715
2019-05-19,23.571428571428573,7.285714285714286,38.42857142857143
2019-05-20,24.428571428571427,8.142857142857142,39.714285714285715
2019-05-21,28.428571428571427,10.0,40.42857142857143
2019-05-22,31.285714285714285,12.285714285714286,43.42857142857143
2019-05-23,32.714285714285715,13.428571428571429,49.285714285714285
2019-05-24,35.142857142857146,14.142857142857142,53.714285714285715
2019-05-25,36.0,14.857142857142858,55.142857142857146
2019-05-26,35.57142857142857,15.142857142857142,54.857142857142854
2019-05-27,36.285714285714285,14.285714285714286,55.42857142857143
2019-05-28,35.857142857142854,15.428571428571429,56.714285714285715
2019-05-29,35.285714285714285,15.142857142857142,58.0
2019-05-30,34.142857142857146,15.285714285714286,55.142857142857146
2019-05-31,30.428571428571427,13.714285714285714,48.857142857142854
2019-06-01,29.0,13.142857142857142,48.142857142857146
2019-06-02,29.857142857142858,13.714285714285714,50.142857142857146
2019-06-03,32.714285714285715,15.714285714285714,49.42857142857143
2019-06-04,39.857142857142854,14.285714285714286,50.57142857142857
2019-06-05,41.42857142857143,13.285714285714286,52.714285714285715
2019-06-06,43.857142857142854,11.714285714285714,54.285714285714285
2019-06-07,45.285714285714285,13.0,55.714285714285715
2019-06-08,49.0,13.714285714285714,56.42857142857143
2019-06-09,52.285714285714285,13.428571428571429,54.714285714285715
2019-06-10,59.285714285714285,12.571428571428571,56.0
2019-06-11,66.14285714285714,12.714285714285714,61.57142857142857
2019-06-12,84.85714285714286,12.714285714285714,63.42857142857143
2019-06-13,103.42857142857143,12.142857142857142,64.42857142857143
2019-06-14,120.71428571428571,12.285714285714286,70.14285714285714
2019-06-15,130.14285714285714,11.857142857142858,68.85714285714286
2019-06-16,143.85714285714286,11.714285714285714,70.0
2019-06-17,147.42857142857142,10.857142857142858,70.57142857142857
2019-06-18,142.71428571428572,9.714285714285714,62.285714285714285
2019-06-19,132.71428571428572,10.0,60.0
2019-06-20,126.0,11.857142857142858,64.85714285714286
2019-06-21,127.0,11.428571428571429,68.85714285714286
2019-06-22,124.0,11.142857142857142,73.42857142857143
2019-06-23,118.0,11.571428571428571,76.57142857142857
2019-06-24,120.42857142857143,13.142857142857142,79.57142857142857
2019-06-25,121.0,14.0,84.42857142857143
2019-06-26,122.71428571428571,14.428571428571429,84.85714285714286
2019-06-27,118.85714285714286,13.428571428571429,78.71428571428571
2019-06-28,110.85714285714286,13.571428571428571,73.14285714285714
2019-06-29,110.28571428571429,14.571428571428571,74.57142857142857
2019-06-30,100.0,13.285714285714286,69.0
2019-07-01,97.0,11.857142857142858,65.85714285714286
2019-07-02,105.0,11.428571428571429,64.71428571428571
2019-07-03,103.14285714285714,11.428571428571429,65.14285714285714
2019-07-04,101.85714285714286,11.857142857142858,66.0
2019-07-05,104.0,12.285714285714286,64.42857142857143
2019-07-06,107.42857142857143,11.285714285714286,63.142857142857146
2019-07-07,113.85714285714286,13.285714285714286,65.71428571428571
2019-07-08,105.14285714285714,13.714285714285714,64.85714285714286
2019-07-09,94.57142857142857,13.571428571428571,63.42857142857143
2019-07-10,91.14285714285714,12.714285714285714,60.857142857142854
2019-07-11,86.28571428571429,14.285714285714286,61.42857142857143
2019-07-12,81.0,15.142857142857142,63.42857142857143
2019-07-13,76.28571428571429,16.285714285714285,60.142857142857146
2019-07-14,77.0,15.142857142857142,58.57142857142857
2019-07-15,79.0,16.0,56.285714285714285
2019-07-16,77.14285714285714,17.0,53.714285714285715
2019-07-17,77.14285714285714,17.571428571428573,53.0
2019-07-18,78.0,15.857142857142858,49.42857142857143
2019-07-19,77.85714285714286,14.142857142857142,48.714285714285715
2019-07-20,75.71428571428571,13.0,51.285714285714285
2019-07-21,77.42857142857143,13.428571428571429,53.0
2019-07-22,81.14285714285714,13.0,52.0
2019-07-23,85.71428571428571,17.428571428571427,54.142857142857146
2019-07-24,89.42857142857143,23.142857142857142,52.0
2019-07-25,93.57142857142857,23.571428571428573,52.0
2019-07-26,97.0,24.285714285714285,50.0
2019-07-27,99.57142857142857,24.714285714285715,47.57142857142857
2019-07-28,101.0,24.428571428571427,46.857142857142854
2019-07-29,101.28571428571429,25.285714285714285,49.857142857142854
2019-07-30,100.14285714285714,22.142857142857142,50.142857142857146
2019-07-31,87.14285714285714,14.428571428571429,46.57142857142857
2019-08-01,82.57142857142857,15.285714285714286,46.714285714285715
2019-08-02,86.85714285714286,16.285714285714285,50.57142857142857
2019-08-03,90.57142857142857,16.142857142857142,49.857142857142854
2019-08-04,91.0,16.857142857142858,50.285714285714285
2019-08-05,104.0,18.571428571428573,50.0
2019-08-06,115.14285714285714,17.857142857142858,47.42857142857143
2019-08-07,132.71428571428572,20.0,50.57142857142857
2019-08-08,141.28571428571428,18.0,50.142857142857146
2019-08-09,142.85714285714286,17.428571428571427,44.714285714285715
2019-08-10,144.57142857142858,17.714285714285715,44.42857142857143
2019-08-11,147.0,16.714285714285715,43.142857142857146
2019-08-12,149.71428571428572,14.428571428571429,43.142857142857146
2019-08-13,151.14285714285714,13.0,44.0
2019-08-14,158.28571428571428,13.714285714285714,49.0
2019-08-15,173.28571428571428,16.0,51.714285714285715
2019-08-16,175.28571428571428,14.285714285714286,52.0
2019-08-17,172.57142857142858,14.285714285714286,52.142857142857146
2019-08-18,169.71428571428572,15.285714285714286,52.57142857142857
2019-08-19,156.0,13.857142857142858,50.285714285714285
2019-08-20,145.0,13.285714285714286,49.42857142857143
2019-08-21,133.57142857142858,12.571428571428571,47.0
2019-08-22,115.85714285714286,11.142857142857142,45.857142857142854
2019-08-23,111.14285714285714,13.857142857142858,52.285714285714285
2019-08-24,109.85714285714286,13.714285714285714,53.857142857142854
2019-08-25,109.85714285714286,12.714285714285714,54.857142857142854
2019-08-26,106.71428571428571,12.714285714285714,56.714285714285715
2019-08-27,103.85714285714286,13.857142857142858,58.857142857142854
2019-08-28,100.28571428571429,13.142857142857142,58.285714285714285
2019-08-29,97.42857142857143,14.285714285714286,57.714285714285715
2019-08-30,95.85714285714286,13.142857142857142,54.57142857142857
2019-08-31,86.57142857142857,12.285714285714286,50.857142857142854
2019-09-01,85.71428571428571,12.428571428571429,49.0
2019-09-02,87.71428571428571,13.142857142857142,48.857142857142854
2019-09-03,92.85714285714286,12.0,44.42857142857143
2019-09-04,99.14285714285714,11.428571428571429,46.857142857142854
2019-09-05,100.28571428571429,10.142857142857142,47.714285714285715
2019-09-06,100.14285714285714,11.0,50.42857142857143
2019-09-07,108.28571428571429,11.714285714285714,53.142857142857146
2019-09-08,104.85714285714286,11.571428571428571,53.42857142857143
2019-09-09,101.85714285714286,11.571428571428571,53.42857142857143
2019-09-10,94.85714285714286,12.285714285714286,58.714285714285715
2019-09-11,89.42857142857143,12.714285714285714,58.42857142857143
2019-09-12,86.14285714285714,12.857142857142858,55.714285714285715
2019-09-13,80.14285714285714,11.285714285714286,47.285714285714285
2019-09-14,77.57142857142857,11.0,46.0
2019-09-15,77.57142857142857,11.857142857142858,51.0
2019-09-16,75.71428571428571,11.428571428571429,55.42857142857143
2019-09-17,78.28571428571429,10.714285714285714,57.0
2019-09-18,79.28571428571429,12.428571428571429,60.57142857142857
2019-09-19,77.14285714285714,13.0,64.28571428571429
2019-09-20,79.0,14.428571428571429,71.28571428571429
2019-09-21,79.57142857142857,15.0,72.28571428571429
2019-09-22,81.57142857142857,14.428571428571429,67.42857142857143
2019-09-23,79.71428571428571,17.285714285714285,64.71428571428571
2019-09-24,75.71428571428571,18.571428571428573,60.57142857142857
2019-09-25,73.57142857142857,19.714285714285715,57.0
2019-09-26,77.14285714285714,21.714285714285715,58.0
2019-09-27,79.14285714285714,22.285714285714285,57.0
2019-09-28,78.0,23.428571428571427,56.857142857142854
2019-09-29,77.28571428571429,24.857142857142858,56.142857142857146
2019-09-30,71.0,20.857142857142858,47.42857142857143
2019-10-01,79.28571428571429,20.571428571428573,44.42857142857143
2019-10-02,85.28571428571429,19.0,43.42857142857143
2019-10-03,87.85714285714286,16.285714285714285,38.857142857142854
2019-10-04,93.71428571428571,16.714285714285715,39.42857142857143
2019-10-05,103.42857142857143,16.142857142857142,42.57142857142857
2019-10-06,105.28571428571429,15.714285714285714,43.0
2019-10-07,121.0,19.714285714285715,51.857142857142854
2019-10-08,124.14285714285714,20.142857142857142,56.714285714285715
2019-10-09,125.0,20.142857142857142,57.857142857142854
2019-10-10,126.85714285714286,20.714285714285715,55.285714285714285
2019-10-11,120.0,18.0,51.0
2019-10-12,113.85714285714286,17.142857142857142,48.714285714285715
2019-10-13,114.0,16.571428571428573,49.42857142857143
2019-10-14,109.0,16.285714285714285,48.714285714285715
2019-10-15,102.71428571428571,16.857142857142858,52.57142857142857
2019-10-16,100.85714285714286,17.142857142857142,54.857142857142854
2019-10-17,97.28571428571429,18.142857142857142,59.714285714285715
2019-10-18,98.28571428571429,19.714285714285715,62.57142857142857
2019-10-19,96.14285714285714,20.714285714285715,63.285714285714285
2019-10-20,92.71428571428571,21.428571428571427,63.42857142857143
2019-10-21,95.28571428571429,21.0,62.285714285714285
2019-10-22,92.71428571428571,21.428571428571427,56.285714285714285
2019-10-23,88.71428571428571,22.285714285714285,50.42857142857143
2019-10-24,86.42857142857143,22.857142857142858,51.285714285714285
2019-10-25,86.42857142857143,22.714285714285715,51.142857142857146
2019-10-26,84.0,22.0,49.0
2019-10-27,83.28571428571429,22.285714285714285,48.0
2019-10-28,78.28571428571429,23.0,47.57142857142857
2019-10-29,78.28571428571429,22.428571428571427,47.42857142857143
2019-10-30,76.85714285714286,23.285714285714285,50.0
2019-10-31,69.85714285714286,19.857142857142858,42.285714285714285
2019-11-01,70.71428571428571,20.285714285714285,40.285714285714285
2019-11-02,76.57142857142857,22.0,40.42857142857143
2019-11-03,79.71428571428571,21.142857142857142,41.57142857142857
2019-11-04,81.85714285714286,19.142857142857142,44.57142857142857
2019-11-05,82.28571428571429,19.571428571428573,51.0
2019-11-06,84.71428571428571,18.571428571428573,55.285714285714285
2019-11-07,95.28571428571429,22.428571428571427,67.71428571428571
2019-11-08,96.0,22.857142857142858,73.57142857142857
2019-11-09,91.28571428571429,21.428571428571427,79.14285714285714
2019-11-10,89.42857142857143,22.285714285714285,80.28571428571429
2019-11-11,97.14285714285714,22.428571428571427,79.85714285714286
2019-11-12,105.85714285714286,20.857142857142858,78.14285714285714
2019-11-13,117.71428571428571,20.857142857142858,76.42857142857143
2019-11-14,125.14285714285714,20.142857142857142,70.0
2019-11-15,135.0,21.714285714285715,67.28571428571429
2019-11-16,137.42857142857142,23.142857142857142,63.57142857142857
2019-11-17,142.0,22.428571428571427,64.0
2019-11-18,146.71428571428572,22.714285714285715,61.0
2019-11-19,144.14285714285714,22.857142857142858,55.42857142857143
2019-11-20,140.0,22.714285714285715,54.857142857142854
2019-11-21,135.71428571428572,23.285714285714285,54.0
2019-11-22,129.42857142857142,21.142857142857142,51.42857142857143
2019-11-23,129.0,19.428571428571427,49.285714285714285
2019-11-24,125.14285714285714,20.0,46.57142857142857
2019-11-25,111.42857142857143,19.857142857142858,44.142857142857146
2019-11-26,106.28571428571429,20.285714285714285,44.0
2019-11-27,96.42857142857143,20.571428571428573,40.0
2019-11-28,93.14285714285714,17.857142857142858,43.42857142857143
2019-11-29,86.28571428571429,17.571428571428573,41.0
2019-11-30,77.57142857142857,16.428571428571427,38.42857142857143
2019-12-01,75.85714285714286,16.142857142857142,38.285714285714285
2019-12-02,76.42857142857143,17.0,41.142857142857146
2019-12-03,70.85714285714286,18.571428571428573,42.0
2019-12-04,68.85714285714286,18.571428571428573,40.714285714285715
2019-12-05,66.14285714285714,18.571428571428573,34.285714285714285
2019-12-06,67.14285714285714,19.142857142857142,35.285714285714285
2019-12-07,73.57142857142857,21.285714285714285,38.285714285714285
2019-12-08,75.85714285714286,19.857142857142858,39.42857142857143
2019-12-09,73.28571428571429,18.571428571428573,37.142857142857146
2019-12-10,76.14285714285714,17.0,37.0
2019-12-11,77.42857142857143,15.714285714285714,36.714285714285715
2019-12-12,72.85714285714286,16.142857142857142,38.0
2019-12-13,66.42857142857143,15.714285714285714,40.285714285714285
2019-12-14,62.57142857142857,14.285714285714286,40.57142857142857
2019-12-15,57.285714285714285,14.0,41.857142857142854
2019-12-16,54.142857142857146,13.142857142857142,41.285714285714285
2019-12-17,50.0,12.428571428571429,39.142857142857146
2019-12-18,46.42857142857143,18.0,38.285714285714285
2019-12-19,46.42857142857143,22.0,37.0
2019-12-20,48.714285714285715,24.428571428571427,33.714285714285715
2019-12-21,52.285714285714285,25.0,34.142857142857146
2019-12-22,51.42857142857143,25.714285714285715,31.428571428571427
2019-12-23,49.285714285714285,27.571428571428573,32.0
2019-12-24,49.142857142857146,27.571428571428573,30.714285714285715
2019-12-25,50.42857142857143,21.857142857142858,31.714285714285715
2019-12-26,54.142857142857146,18.0,32.0
2019-12-27,55.142857142857146,17.714285714285715,34.57142857142857
2019-12-28,52.0,17.571428571428573,34.0
2019-12-29,55.0,19.428571428571427,36.714285714285715
2019-12-30,58.57142857142857,18.142857142857142,37.714285714285715
2019-12-31,52.714285714285715,16.571428571428573,34.42857142857143
2020-01-01,53.857142857142854,15.428571428571429,32.714285714285715
2020-01-02,54.142857142857146,15.142857142857142,33.0
2020-01-03,53.285714285714285,11.714285714285714,31.142857142857142
2020-01-04,54.0,12.142857142857142,29.714285714285715
2020-01-05,52.142857142857146,10.428571428571429,28.428571428571427
2020-01-06,50.57142857142857,12.285714285714286,26.857142857142858
2020-01-07,57.42857142857143,15.428571428571429,34.714285714285715
2020-01-08,54.142857142857146,16.285714285714285,36.42857142857143
2020-01-09,50.0,18.571428571428573,39.42857142857143
2020-01-10,49.57142857142857,20.285714285714285,40.42857142857143
2020-01-11,50.285714285714285,19.142857142857142,41.42857142857143
2020-01-12,52.42857142857143,18.571428571428573,40.57142857142857
2020-01-13,51.714285714285715,17.0,40.57142857142857
2020-01-14,52.142857142857146,17.0,37.285714285714285
2020-01-15,53.0,17.571428571428573,38.714285714285715
2020-01-16,54.142857142857146,14.857142857142858,39.0
2020-01-17,51.0,14.0,37.857142857142854
2020-01-18,49.57142857142857,15.0,38.714285714285715
2020-01-19,46.857142857142854,15.142857142857142,37.714285714285715
2020-01-20,46.57142857142857,14.714285714285714,39.42857142857143
2020-01-21,44.857142857142854,13.428571428571429,39.42857142857143
2020-01-22,42.857142857142854,13.142857142857142,40.0
2020-01-23,38.714285714285715,13.857142857142858,35.0
2020-01-24,36.857142857142854,12.428571428571429,31.571428571428573
2020-01-25,35.142857142857146,11.571428571428571,30.0
2020-01-26,34.285714285714285,11.142857142857142,30.714285714285715
2020-01-27,31.714285714285715,10.857142857142858,27.857142857142858
2020-01-28,29.857142857142858,10.428571428571429,27.142857142857142
2020-01-29,32.0,8.571428571428571,24.142857142857142
2020-01-30,32.857142857142854,8.142857142857142,26.285714285714285
2020-01-31,31.285714285714285,7.571428571428571,25.857142857142858
2020-02-01,34.714285714285715,8.0,28.571428571428573
2020-02-02,35.0,8.571428571428571,31.142857142857142
2020-02-03,39.857142857142854,8.142857142857142,36.285714285714285
2020-02-04,42.285714285714285,8.428571428571429,39.285714285714285
2020-02-05,42.857142857142854,9.285714285714286,42.57142857142857
2020-02-06,45.57142857142857,8.714285714285714,42.0
2020-02-07,52.142857142857146,10.285714285714286,50.57142857142857
2020-02-08,50.0,9.714285714285714,47.857142857142854
2020-02-09,48.857142857142854,9.857142857142858,46.57142857142857
2020-02-10,44.0,10.857142857142858,43.0
2020-02-11,41.42857142857143,11.0,39.714285714285715
2020-02-12,37.57142857142857,12.142857142857142,36.42857142857143
2020-02-13,34.42857142857143,12.428571428571429,36.42857142857143
2020-02-14,31.428571428571427,13.714285714285714,30.714285714285715
2020-02-15,30.428571428571427,14.428571428571429,29.857142857142858
2020-02-16,28.142857142857142,14.142857142857142,28.714285714285715
2020-02-17,28.571428571428573,14.285714285714286,28.285714285714285
2020-02-18,27.285714285714285,14.571428571428571,29.285714285714285
2020-02-19,26.857142857142858,14.142857142857142,30.428571428571427
2020-02-20,28.428571428571427,15.428571428571429,29.714285714285715
2020-02-21,30.0,13.714285714285714,29.857142857142858
2020-02-22,30.142857142857142,13.428571428571429,31.142857142857142
2020-02-23,30.285714285714285,13.857142857142858,32.0
2020-02-24,31.142857142857142,13.428571428571429,33.285714285714285
2020-02-25,32.142857142857146,12.285714285714286,32.42857142857143
2020-02-26,34.57142857142857,11.571428571428571,33.857142857142854
2020-02-27,34.0,9.857142857142858,32.0
2020-02-28,30.714285714285715,9.0,30.428571428571427
2020-02-29,27.714285714285715,8.0,27.142857142857142
2020-03-01,28.142857142857142,7.571428571428571,25.285714285714285
2020-03-02,27.857142857142858,9.142857142857142,23.142857142857142
2020-03-03,26.428571428571427,9.285714285714286,22.857142857142858
2020-03-04,23.428571428571427,9.142857142857142,18.571428571428573
2020-03-05,22.0,12.714285714285714,21.285714285714285
2020-03-06,23.285714285714285,13.857142857142858,25.0
2020-03-07,27.714285714285715,14.857142857142858,28.0
2020-03-08,28.142857142857142,14.571428571428571,29.142857142857142
2020-03-09,27.714285714285715,12.428571428571429,34.857142857142854
2020-03-10,28.714285714285715,11.714285714285714,43.285714285714285
2020-03-11,29.571428571428573,12.285714285714286,50.714285714285715
2020-03-12,30.0,9.0,52.857142857142854
2020-03-13,28.0,8.285714285714286,53.714285714285715
2020-03-14,25.142857142857142,7.714285714285714,56.142857142857146
2020-03-15,24.714285714285715,7.285714285714286,56.142857142857146
2020-03-16,25.142857142857142,7.428571428571429,52.142857142857146
2020-03-17,25.571428571428573,8.0,49.857142857142854
2020-03-18,23.571428571428573,7.285714285714286,49.142857142857146
2020-03-19,24.142857142857142,6.571428571428571,53.0
2020-03-20,25.428571428571427,6.0,58.142857142857146
2020-03-21,27.0,6.285714285714286,59.0
2020-03-22,26.857142857142858,7.0,61.142857142857146
2020-03-23,26.571428571428573,6.571428571428571,65.57142857142857
2020-03-24,25.714285714285715,7.0,69.14285714285714
2020-03-25,26.0,6.714285714285714,68.85714285714286
2020-03-26,24.285714285714285,7.285714285714286,70.85714285714286
2020-03-27,24.571428571428573,8.285714285714286,70.71428571428571
2020-03-28,24.142857142857142,8.142857142857142,69.57142857142857
2020-03-29,22.571428571428573,7.714285714285714,67.28571428571429
2020-03-30,20.857142857142858,7.285714285714286,66.57142857142857
2020-03-31,18.0,5.571428571428571,55.142857142857146
2020-04-01,19.0,6.142857142857143,56.42857142857143
2020-04-02,18.857142857142858,6.142857142857143,53.285714285714285
2020-04-03,17.571428571428573,6.142857142857143,54.0
2020-04-04,17.571428571428573,6.142857142857143,55.42857142857143
2020-04-05,19.571428571428573,6.285714285714286,57.714285714285715
2020-04-06,19.285714285714285,6.857142857142857,58.714285714285715
2020-04-07,22.285714285714285,8.142857142857142,67.57142857142857
2020-04-08,21.285714285714285,8.857142857142858,70.28571428571429
2020-04-09,23.857142857142858,9.285714285714286,70.14285714285714
2020-04-10,24.428571428571427,9.714285714285714,66.0
2020-04-11,23.571428571428573,9.714285714285714,63.57142857142857
2020-04-12,23.0,9.428571428571429,62.42857142857143
2020-04-13,22.428571428571427,8.857142857142858,60.42857142857143
2020-04-14,21.285714285714285,8.428571428571429,59.57142857142857
2020-04-15,24.857142857142858,6.571428571428571,58.57142857142857
2020-04-16,23.714285714285715,5.428571428571429,60.142857142857146
2020-04-17,26.0,4.285714285714286,62.285714285714285
2020-04-18,29.285714285714285,4.285714285714286,64.42857142857143
2020-04-19,30.142857142857142,4.285714285714286,63.857142857142854
2020-04-20,33.142857142857146,5.0,67.57142857142857
2020-04-21,37.142857142857146,6.0,68.57142857142857
2020-04-22,36.285714285714285,6.285714285714286,71.0
2020-04-23,37.0,7.428571428571429,69.85714285714286
2020-04-24,36.285714285714285,6.857142857142857,69.71428571428571
2020-04-25,32.42857142857143,6.714285714285714,66.71428571428571
2020-04-26,32.142857142857146,6.857142857142857,66.0
2020-04-27,31.857142857142858,6.428571428571429,60.857142857142854
2020-04-28,30.714285714285715,6.0,59.857142857142854
2020-04-29,29.428571428571427,7.571428571428571,54.42857142857143
2020-04-30,25.285714285714285,6.285714285714286,46.0
2020-05-01,26.857142857142858,7.142857142857143,43.857142857142854
2020-05-02,27.714285714285715,8.0,44.0
2020-05-03,28.0,8.285714285714286,44.0
2020-05-04,29.285714285714285,8.714285714285714,44.285714285714285
2020-05-05,30.428571428571427,9.285714285714286,42.42857142857143
2020-05-06,32.42857142857143,8.285714285714286,40.285714285714285
2020-05-07,37.142857142857146,9.428571428571429,50.0
2020-05-08,35.285714285714285,10.285714285714286,51.142857142857146
2020-05-09,35.285714285714285,9.571428571428571,54.0
2020-05-10,36.0,9.714285714285714,56.285714285714285
2020-05-11,34.142857142857146,9.714285714285714,60.714285714285715
2020-05-12,32.0,10.142857142857142,64.0
2020-05-13,31.0,9.857142857142858,67.14285714285714
2020-05-14,30.142857142857142,10.285714285714286,65.28571428571429
2020-05-15,41.0,11.428571428571429,68.85714285714286
2020-05-16,42.42857142857143,12.571428571428571,67.85714285714286
2020-05-17,41.57142857142857,11.857142857142858,67.28571428571429
2020-05-18,43.142857142857146,11.714285714285714,64.0
2020-05-19,43.42857142857143,11.428571428571429,62.714285714285715
2020-05-20,45.0,12.714285714285714,67.14285714285714
2020-05-21,46.142857142857146,12.714285714285714,66.28571428571429
2020-05-22,37.42857142857143,11.142857142857142,63.57142857142857
2020-05-23,37.0,10.142857142857142,62.42857142857143
2020-05-24,40.42857142857143,10.285714285714286,62.714285714285715
2020-05-25,44.142857142857146,10.0,60.285714285714285
2020-05-26,48.42857142857143,9.857142857142858,54.857142857142854
2020-05-27,55.142857142857146,9.571428571428571,48.285714285714285
2020-05-28,61.285714285714285,11.0,47.285714285714285
2020-05-29,66.85714285714286,11.142857142857142,45.0
2020-05-30,70.85714285714286,11.285714285714286,43.714285714285715
2020-05-31,66.57142857142857,11.0,39.857142857142854
2020-06-01,81.0,11.571428571428571,40.714285714285715
2020-06-02,101.42857142857143,10.571428571428571,42.142857142857146
2020-06-03,115.57142857142857,9.857142857142858,42.42857142857143
2020-06-04,131.85714285714286,8.428571428571429,43.285714285714285
2020-06-05,138.57142857142858,9.285714285714286,43.57142857142857
2020-06-06,141.42857142857142,9.857142857142858,45.857142857142854
2020-06-07,150.85714285714286,10.428571428571429,48.857142857142854
2020-06-08,147.0,10.571428571428571,50.0
2020-06-09,136.14285714285714,11.142857142857142,51.42857142857143
2020-06-10,126.0,12.571428571428571,52.857142857142854
2020-06-11,116.42857142857143,12.0,54.285714285714285
2020-06-12,112.57142857142857,11.857142857142858,53.57142857142857
2020-06-13,109.71428571428571,11.571428571428571,51.0
2020-06-14,106.57142857142857,11.571428571428571,49.0
2020-06-15,108.57142857142857,13.285714285714286,50.42857142857143
2020-06-16,101.0,13.714285714285714,49.142857142857146
2020-06-17,92.14285714285714,12.714285714285714,45.857142857142854
2020-06-18,86.57142857142857,13.714285714285714,42.714285714285715
2020-06-19,81.42857142857143,15.857142857142858,43.57142857142857
2020-06-20,81.42857142857143,16.428571428571427,47.142857142857146
2020-06-21,80.0,16.285714285714285,47.0
2020-06-22,67.71428571428571,14.571428571428571,46.42857142857143
2020-06-23,64.14285714285714,14.428571428571429,45.57142857142857
2020-06-24,64.14285714285714,14.428571428571429,46.0
2020-06-25,56.714285714285715,12.714285714285714,44.0
2020-06-26,51.57142857142857,9.285714285714286,40.0
2020-06-27,50.0,8.714285714285714,37.0
2020-06-28,51.0,8.571428571428571,37.857142857142854
2020-06-29,54.285714285714285,9.428571428571429,36.0
2020-06-30,48.57142857142857,7.714285714285714,31.142857142857142
2020-07-01,55.0,6.857142857142857,33.57142857142857
2020-07-02,60.57142857142857,7.285714285714286,35.0
2020-07-03,64.71428571428571,9.0,37.57142857142857
2020-07-04,63.857142857142854,8.0,37.857142857142854
2020-07-05,61.42857142857143,8.571428571428571,37.57142857142857
2020-07-06,55.857142857142854,8.428571428571429,37.57142857142857
2020-07-07,60.142857142857146,10.285714285714286,43.714285714285715
2020-07-08,51.142857142857146,10.714285714285714,41.142857142857146
2020-07-09,48.42857142857143,11.285714285714286,43.42857142857143
2020-07-10,45.42857142857143,12.285714285714286,42.857142857142854
2020-07-11,44.0,13.857142857142858,44.857142857142854
2020-07-12,44.57142857142857,14.285714285714286,46.0
2020-07-13,41.57142857142857,13.714285714285714,42.857142857142854
2020-07-14,42.285714285714285,13.285714285714286,43.714285714285715
2020-07-15,47.0,16.857142857142858,49.142857142857146
2020-07-16,48.0,17.0,49.0
2020-07-17,47.42857142857143,14.857142857142858,49.857142857142854
2020-07-18,47.285714285714285,14.714285714285714,48.142857142857146
2020-07-19,43.857142857142854,14.285714285714286,47.42857142857143
2020-07-20,43.142857142857146,14.428571428571429,53.0
2020-07-21,43.0,14.857142857142858,55.285714285714285
2020-07-22,38.142857142857146,11.571428571428571,53.0
2020-07-23,34.714285714285715,13.0,50.57142857142857
2020-07-24,34.285714285714285,14.285714285714286,52.57142857142857
2020-07-25,34.42857142857143,13.714285714285714,52.857142857142854
2020-07-26,34.857142857142854,13.571428571428571,52.714285714285715
2020-07-27,36.857142857142854,14.285714285714286,50.0
2020-07-28,34.57142857142857,14.714285714285714,47.57142857142857
2020-07-29,34.42857142857143,15.857142857142858,47.42857142857143
2020-07-30,35.142857142857146,14.428571428571429,48.0
2020-07-31,31.428571428571427,12.142857142857142,39.57142857142857
2020-08-01,32.0,13.285714285714286,38.0
2020-08-02,31.0,13.428571428571429,38.285714285714285
2020-08-03,29.0,12.285714285714286,39.285714285714285
2020-08-04,31.857142857142858,14.0,36.57142857142857
2020-08-05,33.857142857142854,15.0,33.42857142857143
2020-08-06,34.285714285714285,16.142857142857142,33.0
2020-08-07,40.0,19.142857142857142,41.714285714285715
2020-08-08,40.857142857142854,19.142857142857142,43.714285714285715
2020-08-09,44.0,19.714285714285715,46.714285714285715
2020-08-10,49.42857142857143,20.571428571428573,48.142857142857146
2020-08-11,49.714285714285715,19.0,51.857142857142854
2020-08-12,49.57142857142857,18.285714285714285,55.57142857142857
2020-08-13,50.42857142857143,17.857142857142858,57.857142857142854
2020-08-14,51.142857142857146,16.0,58.142857142857146
2020-08-15,51.42857142857143,15.857142857142858,60.714285714285715
2020-08-16,50.285714285714285,15.714285714285714,59.857142857142854
2020-08-17,51.285714285714285,14.428571428571429,58.57142857142857
2020-08-18,51.142857142857146,15.0,58.42857142857143
2020-08-19,52.57142857142857,15.285714285714286,58.142857142857146
2020-08-20,50.857142857142854,15.0,58.0
2020-08-21,49.857142857142854,16.857142857142858,59.285714285714285
2020-08-22,49.0,16.285714285714285,58.285714285714285
2020-08-23,49.0,16.428571428571427,57.285714285714285
2020-08-24,46.285714285714285,18.285714285714285,56.0
2020-08-25,47.714285714285715,19.428571428571427,54.142857142857146
2020-08-26,49.142857142857146,18.714285714285715,50.714285714285715
2020-08-27,57.285714285714285,19.571428571428573,49.285714285714285
2020-08-28,63.57142857142857,19.571428571428573,46.42857142857143
2020-08-29,68.28571428571429,19.428571428571427,46.57142857142857
2020-08-30,72.0,19.142857142857142,45.714285714285715
2020-08-31,67.0,16.285714285714285,41.285714285714285
2020-09-01,69.42857142857143,14.571428571428571,43.57142857142857
2020-09-02,71.42857142857143,14.857142857142858,45.857142857142854
2020-09-03,66.28571428571429,14.142857142857142,49.0
2020-09-04,62.142857142857146,14.285714285714286,48.57142857142857
2020-09-05,56.42857142857143,14.285714285714286,47.714285714285715
2020-09-06,56.714285714285715,14.0,48.142857142857146
2020-09-07,63.857142857142854,15.857142857142858,52.285714285714285
2020-09-08,59.714285714285715,15.285714285714286,50.42857142857143
2020-09-09,55.0,14.571428571428571,51.142857142857146
2020-09-10,50.714285714285715,14.0,49.0
2020-09-11,48.142857142857146,13.571428571428571,49.57142857142857
2020-09-12,51.857142857142854,13.428571428571429,48.714285714285715
2020-09-13,50.0,13.714285714285714,47.285714285714285
2020-09-14,48.142857142857146,13.285714285714286,47.142857142857146
2020-09-15,47.142857142857146,13.857142857142858,47.42857142857143
2020-09-16,45.142857142857146,13.142857142857142,46.285714285714285
2020-09-17,47.42857142857143,13.428571428571429,50.42857142857143
2020-09-18,47.285714285714285,12.428571428571429,50.285714285714285
2020-09-19,44.0,11.857142857142858,50.285714285714285
2020-09-20,41.57142857142857,11.714285714285714,52.42857142857143
2020-09-21,39.0,13.0,54.0
2020-09-22,39.285714285714285,14.571428571428571,55.285714285714285
2020-09-23,42.0,15.571428571428571,59.142857142857146
2020-09-24,44.142857142857146,16.285714285714285,57.142857142857146
2020-09-25,47.42857142857143,15.714285714285714,59.142857142857146
2020-09-26,48.285714285714285,17.142857142857142,59.857142857142854
2020-09-27,50.285714285714285,18.571428571428573,61.142857142857146
2020-09-28,52.142857142857146,18.285714285714285,64.28571428571429
2020-09-29,54.714285714285715,17.285714285714285,65.28571428571429
2020-09-30,48.57142857142857,15.857142857142858,56.142857142857146
2020-10-01,47.857142857142854,15.0,50.42857142857143
2020-10-02,46.285714285714285,13.857142857142858,47.57142857142857
2020-10-03,45.142857142857146,12.285714285714286,45.714285714285715
2020-10-04,43.142857142857146,10.714285714285714,44.0
2020-10-05,41.42857142857143,9.428571428571429,40.0
2020-10-06,39.714285714285715,8.142857142857142,41.714285714285715
2020-10-07,45.285714285714285,9.714285714285714,49.0
2020-10-08,44.857142857142854,9.714285714285714,53.57142857142857
2020-10-09,43.42857142857143,10.428571428571429,55.857142857142854
2020-10-10,45.285714285714285,10.714285714285714,57.57142857142857
2020-10-11,44.714285714285715,10.428571428571429,58.42857142857143
2020-10-12,47.714285714285715,10.571428571428571,62.42857142857143
2020-10-13,49.142857142857146,10.142857142857142,60.0
2020-10-14,51.0,10.285714285714286,58.857142857142854
2020-10-15,54.285714285714285,11.571428571428571,62.714285714285715
2020-10-16,60.285714285714285,17.142857142857142,67.71428571428571
2020-10-17,65.28571428571429,21.428571428571427,70.14285714285714
2020-10-18,71.28571428571429,24.0,71.42857142857143
2020-10-19,77.57142857142857,27.714285714285715,72.85714285714286
2020-10-20,79.0,31.142857142857142,77.57142857142857
2020-10-21,81.28571428571429,34.714285714285715,86.71428571428571
2020-10-22,78.14285714285714,39.142857142857146,89.0
2020-10-23,74.0,41.57142857142857,87.57142857142857
2020-10-24,74.0,39.714285714285715,88.71428571428571
2020-10-25,71.28571428571429,40.0,89.57142857142857
2020-10-26,66.28571428571429,39.57142857142857,85.57142857142857
2020-10-27,65.0,39.42857142857143,83.14285714285714
2020-10-28,61.714285714285715,37.857142857142854,75.0
2020-10-29,61.142857142857146,34.142857142857146,71.28571428571429
2020-10-30,58.42857142857143,28.571428571428573,66.42857142857143
2020-10-31,49.0,26.142857142857142,59.285714285714285
2020-11-01,47.42857142857143,24.571428571428573,58.0
2020-11-02,47.857142857142854,23.285714285714285,61.142857142857146
2020-11-03,49.142857142857146,21.285714285714285,60.42857142857143
2020-11-04,48.0,19.285714285714285,60.285714285714285
2020-11-05,48.0,17.571428571428573,57.57142857142857
2020-11-06,50.42857142857143,18.714285714285715,58.0
2020-11-07,55.857142857142854,20.714285714285715,63.57142857142857
2020-11-08,57.285714285714285,21.571428571428573,64.57142857142857
2020-11-09,56.285714285714285,20.857142857142858,63.285714285714285
2020-11-10,53.285714285714285,21.714285714285715,62.0
2020-11-11,54.142857142857146,22.857142857142858,64.14285714285714
2020-11-12,55.142857142857146,23.142857142857142,64.0
2020-11-13,53.285714285714285,20.428571428571427,64.28571428571429
2020-11-14,51.285714285714285,19.0,62.714285714285715
2020-11-15,50.714285714285715,18.571428571428573,63.42857142857143
2020-11-16,47.57142857142857,18.0,61.285714285714285
2020-11-17,45.857142857142854,16.571428571428573,62.142857142857146
2020-11-18,43.0,14.571428571428571,59.142857142857146
2020-11-19,40.285714285714285,13.857142857142858,59.142857142857146
2020-11-20,38.714285714285715,13.857142857142858,60.285714285714285
2020-11-21,38.57142857142857,13.428571428571429,60.42857142857143
2020-11-22,39.285714285714285,12.857142857142858,59.0
2020-11-23,39.285714285714285,13.571428571428571,60.285714285714285
2020-11-24,39.285714285714285,13.142857142857142,58.857142857142854
2020-11-25,39.42857142857143,14.714285714285714,61.857142857142854
2020-11-26,37.142857142857146,15.0,63.142857142857146
2020-11-27,39.0,14.571428571428571,59.42857142857143
2020-11-28,39.142857142857146,15.428571428571429,58.42857142857143
2020-11-29,37.57142857142857,16.0,57.714285714285715
2020-11-30,32.42857142857143,13.714285714285714,49.142857142857146
2020-12-01,31.428571428571427,14.0,47.57142857142857
2020-12-02,30.428571428571427,14.428571428571429,44.0
2020-12-03,32.142857142857146,15.0,43.57142857142857
2020-12-04,30.714285714285715,16.0,46.142857142857146
2020-12-05,30.428571428571427,15.571428571428571,48.57142857142857
2020-12-06,27.714285714285715,14.428571428571429,48.285714285714285
2020-12-07,30.857142857142858,17.714285714285715,59.0
2020-12-08,33.0,18.0,62.285714285714285
2020-12-09,33.42857142857143,17.714285714285715,62.285714285714285
2020-12-10,32.42857142857143,18.0,64.28571428571429
2020-12-11,30.714285714285715,17.857142857142858,66.57142857142857
2020-12-12,31.285714285714285,18.857142857142858,65.14285714285714
2020-12-13,33.857142857142854,18.428571428571427,66.42857142857143
2020-12-14,35.714285714285715,19.0,65.57142857142857
2020-12-15,36.142857142857146,22.428571428571427,66.57142857142857
2020-12-16,36.0,22.0,69.85714285714286
2020-12-17,35.142857142857146,21.428571428571427,70.57142857142857
2020-12-18,36.714285714285715,19.857142857142858,71.57142857142857
2020-12-19,35.42857142857143,18.285714285714285,71.14285714285714
2020-12-20,35.714285714285715,19.142857142857142,72.0
2020-12-21,36.0,17.142857142857142,72.85714285714286
2020-12-22,34.57142857142857,14.0,73.42857142857143
2020-12-23,33.0,13.285714285714286,75.0
2020-12-24,35.0,13.571428571428571,76.28571428571429
2020-12-25,35.142857142857146,13.428571428571429,72.28571428571429
2020-12-26,33.714285714285715,13.428571428571429,71.71428571428571
2020-12-27,30.857142857142858,12.285714285714286,70.28571428571429
2020-12-28,27.285714285714285,12.142857142857142,69.28571428571429
2020-12-29,24.571428571428573,11.285714285714286,69.42857142857143
2020-12-30,24.571428571428573,11.285714285714286,68.0
2020-12-31,20.285714285714285,8.714285714285714,56.857142857142854
2021-01-01,18.428571428571427,8.857142857142858,53.42857142857143
2021-01-02,20.428571428571427,9.285714285714286,53.714285714285715
2021-01-03,21.857142857142858,10.285714285714286,54.857142857142854
2021-01-04,26.142857142857142,10.285714285714286,54.857142857142854
2021-01-05,28.142857142857142,11.571428571428571,52.142857142857146
2021-01-06,33.857142857142854,11.571428571428571,49.42857142857143
2021-01-07,62.42857142857143,14.285714285714286,58.42857142857143
2021-01-08,79.28571428571429,16.428571428571427,62.714285714285715
2021-01-09,86.71428571428571,17.285714285714285,64.28571428571429
2021-01-10,90.14285714285714,16.714285714285715,62.714285714285715
2021-01-11,94.42857142857143,16.285714285714285,63.142857142857146
2021-01-12,101.42857142857143,16.428571428571427,61.857142857142854
2021-01-13,102.42857142857143,15.857142857142858,63.0
2021-01-14,83.57142857142857,15.714285714285714,63.57142857142857
2021-01-15,73.71428571428571,16.142857142857142,65.28571428571429
2021-01-16,68.71428571428571,15.571428571428571,66.28571428571429
2021-01-17,66.71428571428571,16.428571428571427,67.28571428571429
2021-01-18,65.71428571428571,17.571428571428573,68.14285714285714
2021-01-19,63.285714285714285,17.571428571428573,73.57142857142857
2021-01-20,62.714285714285715,19.142857142857142,73.0
2021-01-21,60.714285714285715,18.428571428571427,71.28571428571429
2021-01-22,59.0,17.0,74.14285714285714
2021-01-23,57.714285714285715,17.285714285714285,76.0
2021-01-24,57.857142857142854,17.428571428571427,79.14285714285714
2021-01-25,57.285714285714285,17.571428571428573,82.0
2021-01-26,57.285714285714285,17.285714285714285,80.85714285714286
2021-01-27,54.142857142857146,16.285714285714285,82.0
2021-01-28,51.57142857142857,16.428571428571427,82.42857142857143
2021-01-29,47.857142857142854,16.428571428571427,77.28571428571429
2021-01-30,46.57142857142857,17.142857142857142,74.57142857142857
2021-01-31,41.42857142857143,15.714285714285714,66.28571428571429
2021-02-01,42.0,15.857142857142858,61.285714285714285
2021-02-02,43.42857142857143,16.428571428571427,62.142857142857146
2021-02-03,46.714285714285715,16.571428571428573,59.42857142857143
2021-02-04,51.57142857142857,18.0,62.42857142857143
2021-02-05,57.714285714285715,17.571428571428573,66.28571428571429
2021-02-06,62.857142857142854,16.714285714285715,67.71428571428571
2021-02-07,71.42857142857143,18.857142857142858,74.42857142857143
2021-02-08,72.57142857142857,17.428571428571427,78.28571428571429
2021-02-09,74.42857142857143,15.857142857142858,76.42857142857143
2021-02-10,72.71428571428571,14.571428571428571,75.42857142857143
2021-02-11,69.85714285714286,13.142857142857142,66.42857142857143
2021-02-12,64.0,12.571428571428571,58.142857142857146
2021-02-13,60.285714285714285,12.285714285714286,55.42857142857143
2021-02-14,56.142857142857146,11.0,52.857142857142854
2021-02-15,52.0,10.857142857142858,46.0
2021-02-16,47.142857142857146,11.285714285714286,41.285714285714285
2021-02-17,46.142857142857146,12.428571428571429,46.285714285714285
2021-02-18,45.0,12.142857142857142,57.57142857142857
2021-02-19,47.857142857142854,14.142857142857142,67.85714285714286
2021-02-20,48.857142857142854,15.571428571428571,69.28571428571429
2021-02-21,48.857142857142854,15.714285714285714,71.71428571428571
2021-02-22,50.714285714285715,15.571428571428571,76.71428571428571
2021-02-23,50.714285714285715,14.714285714285714,83.42857142857143
2021-02-24,53.0,15.428571428571429,90.0
2021-02-25,52.857142857142854,17.142857142857142,85.28571428571429
2021-02-26,52.42857142857143,16.714285714285715,82.28571428571429
2021-02-27,49.42857142857143,15.0,80.28571428571429
2021-02-28,46.857142857142854,14.285714285714286,74.71428571428571
2021-03-01,48.0,16.714285714285715,72.57142857142857
2021-03-02,49.57142857142857,19.0,73.0
2021-03-03,51.57142857142857,19.285714285714285,65.85714285714286
2021-03-04,54.714285714285715,17.571428571428573,65.28571428571429
2021-03-05,61.0,18.285714285714285,67.85714285714286
2021-03-06,65.14285714285714,19.571428571428573,71.0
2021-03-07,72.57142857142857,20.428571428571427,77.42857142857143
2021-03-08,73.28571428571429,18.714285714285715,81.57142857142857
2021-03-09,74.57142857142857,19.857142857142858,81.71428571428571
2021-03-10,75.0,19.428571428571427,83.0
2021-03-11,74.42857142857143,20.0,87.85714285714286
2021-03-12,68.57142857142857,20.714285714285715,83.85714285714286
2021-03-13,66.71428571428571,22.428571428571427,82.42857142857143
2021-03-14,64.85714285714286,23.857142857142858,79.85714285714286
2021-03-15,66.14285714285714,24.0,77.57142857142857
2021-03-16,65.0,22.428571428571427,77.0
2021-03-17,62.857142857142854,22.142857142857142,78.42857142857143
2021-03-18,60.857142857142854,22.428571428571427,75.28571428571429
2021-03-19,59.57142857142857,19.714285714285715,75.42857142857143
2021-03-20,59.285714285714285,17.857142857142858,73.57142857142857
2021-03-21,58.57142857142857,16.857142857142858,72.85714285714286
2021-03-22,57.42857142857143,16.571428571428573,71.71428571428571
2021-03-23,57.57142857142857,16.857142857142858,67.42857142857143
2021-03-24,57.714285714285715,18.0,63.0
2021-03-25,61.142857142857146,20.142857142857142,62.42857142857143
2021-03-26,62.57142857142857,21.857142857142858,64.57142857142857
2021-03-27,63.714285714285715,22.142857142857142,68.14285714285714
2021-03-28,67.14285714285714,21.571428571428573,71.57142857142857
2021-03-29,66.0,22.142857142857142,74.85714285714286
2021-03-30,64.57142857142857,22.285714285714285,76.0
2021-03-31,57.57142857142857,18.571428571428573,67.28571428571429
2021-04-01,56.714285714285715,16.714285714285715,65.57142857142857
2021-04-02,54.714285714285715,16.285714285714285,60.857142857142854
2021-04-03,53.285714285714285,15.285714285714286,58.285714285714285
2021-04-04,51.0,16.142857142857142,56.857142857142854
2021-04-05,48.714285714285715,15.857142857142858,53.857142857142854
2021-04-06,49.42857142857143,15.0,54.857142857142854
2021-04-07,55.42857142857143,19.428571428571427,64.57142857142857
2021-04-08,55.857142857142854,19.285714285714285,63.857142857142854
2021-04-09,58.142857142857146,19.714285714285715,69.28571428571429
2021-04-10,59.42857142857143,20.285714285714285,69.71428571428571
2021-04-11,57.0,18.714285714285715,67.57142857142857
2021-04-12,59.285714285714285,19.857142857142858,66.85714285714286
2021-04-13,58.142857142857146,19.714285714285715,66.57142857142857
2021-04-14,60.142857142857146,17.571428571428573,67.0
2021-04-15,59.57142857142857,16.285714285714285,70.57142857142857
2021-04-16,63.142857142857146,16.0,68.85714285714286
2021-04-17,62.285714285714285,15.714285714285714,70.42857142857143
2021-04-18,62.285714285714285,16.142857142857142,72.28571428571429
2021-04-19,59.857142857142854,13.714285714285714,74.42857142857143
2021-04-20,63.42857142857143,13.428571428571429,75.42857142857143
2021-04-21,66.28571428571429,13.142857142857142,78.71428571428571
2021-04-22,66.85714285714286,13.714285714285714,79.71428571428571
2021-04-23,63.0,13.714285714285714,81.14285714285714
2021-04-24,63.0,13.285714285714286,79.42857142857143
2021-04-25,63.857142857142854,13.142857142857142,79.14285714285714
2021-04-26,64.28571428571429,14.571428571428571,79.57142857142857
2021-04-27,61.857142857142854,15.285714285714286,78.57142857142857
2021-04-28,54.857142857142854,15.571428571428571,76.42857142857143
2021-04-29,51.714285714285715,15.142857142857142,76.71428571428571
2021-04-30,45.0,12.571428571428571,66.57142857142857
2021-05-01,43.285714285714285,12.142857142857142,66.71428571428571
2021-05-02,42.714285714285715,11.714285714285714,69.85714285714286
2021-05-03,47.0,11.714285714285714,69.28571428571429
2021-05-04,45.42857142857143,10.428571428571429,71.14285714285714
2021-05-05,46.142857142857146,10.142857142857142,68.42857142857143
2021-05-06,46.285714285714285,11.428571428571429,65.0
2021-05-07,52.142857142857146,14.0,74.14285714285714
2021-05-08,53.857142857142854,15.142857142857142,73.85714285714286
2021-05-09,53.42857142857143,15.571428571428571,71.0
2021-05-10,48.0,14.857142857142858,72.57142857142857
2021-05-11,51.142857142857146,15.571428571428571,72.57142857142857
2021-05-12,51.42857142857143,15.714285714285714,77.57142857142857
2021-05-13,51.0,14.142857142857142,81.42857142857143
2021-05-14,50.714285714285715,13.285714285714286,80.85714285714286
2021-05-15,49.142857142857146,12.571428571428571,81.42857142857143
2021-05-16,50.0,12.0,79.71428571428571
2021-05-17,50.142857142857146,12.428571428571429,76.71428571428571
2021-05-18,46.57142857142857,12.714285714285714,75.0
2021-05-19,45.142857142857146,12.285714285714286,70.0
2021-05-20,46.285714285714285,12.571428571428571,66.0
2021-05-21,47.714285714285715,12.428571428571429,62.285714285714285
2021-05-22,48.57142857142857,11.714285714285714,60.57142857142857
2021-05-23,47.285714285714285,11.428571428571429,60.57142857142857
2021-05-24,51.142857142857146,10.428571428571429,60.857142857142854
2021-05-25,51.0,10.0,60.142857142857146
2021-05-26,54.0,10.571428571428571,62.57142857142857
2021-05-27,50.714285714285715,11.142857142857142,63.0
2021-05-28,50.285714285714285,10.857142857142858,68.71428571428571
2021-05-29,49.857142857142854,10.857142857142858,73.14285714285714
2021-05-30,49.857142857142854,11.857142857142858,72.42857142857143
2021-05-31,39.714285714285715,11.142857142857142,64.0
2021-06-01,37.857142857142854,9.714285714285714,62.42857142857143
2021-06-02,37.0,8.857142857142858,65.14285714285714
2021-06-03,39.142857142857146,9.428571428571429,65.57142857142857
2021-06-04,39.57142857142857,10.857142857142858,63.57142857142857
2021-06-05,40.142857142857146,12.142857142857142,60.857142857142854
2021-06-06,39.285714285714285,12.714285714285714,62.285714285714285
2021-06-07,48.142857142857146,14.285714285714286,73.0
2021-06-08,49.57142857142857,16.0,76.71428571428571
2021-06-09,47.57142857142857,17.428571428571427,74.71428571428571
2021-06-10,45.42857142857143,17.571428571428573,74.42857142857143
2021-06-11,42.142857142857146,19.142857142857142,74.71428571428571
2021-06-12,42.57142857142857,19.571428571428573,74.85714285714286
2021-06-13,41.714285714285715,18.714285714285715,74.28571428571429
2021-06-14,37.714285714285715,18.285714285714285,70.57142857142857
2021-06-15,37.42857142857143,19.142857142857142,70.28571428571429
2021-06-16,37.0,19.142857142857142,71.0
2021-06-17,39.714285714285715,17.857142857142858,74.0
2021-06-18,40.285714285714285,15.714285714285714,73.57142857142857
2021-06-19,38.857142857142854,14.714285714285714,72.85714285714286
2021-06-20,40.285714285714285,16.857142857142858,73.57142857142857
2021-06-21,41.857142857142854,17.571428571428573,74.28571428571429
2021-06-22,42.857142857142854,17.428571428571427,73.71428571428571
2021-06-23,43.857142857142854,16.0,70.57142857142857
2021-06-24,42.857142857142854,19.0,68.71428571428571
2021-06-25,42.42857142857143,18.142857142857142,67.14285714285714
2021-06-26,43.142857142857146,18.142857142857142,65.42857142857143
2021-06-27,42.0,17.0,63.42857142857143
2021-06-28,39.857142857142854,17.0,63.714285714285715
2021-06-29,39.42857142857143,16.857142857142858,62.0
2021-06-30,34.0,15.428571428571429,52.857142857142854
2021-07-01,33.57142857142857,13.428571428571429,49.714285714285715
2021-07-02,34.285714285714285,14.714285714285714,51.142857142857146
2021-07-03,34.142857142857146,15.428571428571429,52.714285714285715
2021-07-04,34.285714285714285,15.714285714285714,53.285714285714285
2021-07-05,34.0,15.428571428571429,52.42857142857143
2021-07-06,33.857142857142854,15.142857142857142,54.0
2021-07-07,39.714285714285715,17.428571428571427,64.14285714285714
2021-07-08,39.714285714285715,16.285714285714285,64.0
2021-07-09,39.714285714285715,14.428571428571429,62.57142857142857
2021-07-10,39.57142857142857,13.285714285714286,63.714285714285715
2021-07-11,38.857142857142854,12.857142857142858,64.28571428571429
2021-07-12,40.57142857142857,13.571428571428571,65.0
2021-07-13,40.57142857142857,13.0,64.42857142857143
2021-07-14,40.0,12.857142857142858,63.714285714285715
2021-07-15,42.42857142857143,13.714285714285714,69.0
2021-07-16,44.57142857142857,14.714285714285714,71.0
2021-07-17,45.714285714285715,15.142857142857142,69.57142857142857
2021-07-18,47.42857142857143,14.142857142857142,70.14285714285714
2021-07-19,46.42857142857143,12.571428571428571,70.42857142857143
2021-07-20,45.57142857142857,13.142857142857142,69.0
2021-07-21,43.0,12.714285714285714,66.14285714285714
2021-07-22,40.142857142857146,12.857142857142858,61.0
2021-07-23,38.57142857142857,13.857142857142858,60.142857142857146
2021-07-24,37.285714285714285,14.142857142857142,58.285714285714285
2021-07-25,36.0,14.857142857142858,57.42857142857143
2021-07-26,34.857142857142854,15.142857142857142,56.142857142857146
2021-07-27,33.42857142857143,13.857142857142858,54.57142857142857
2021-07-28,33.142857142857146,14.142857142857142,54.857142857142854
2021-07-29,32.857142857142854,13.0,53.42857142857143
2021-07-30,31.571428571428573,11.428571428571429,50.714285714285715
2021-07-31,27.571428571428573,10.285714285714286,48.0
2021-08-01,28.714285714285715,9.571428571428571,46.42857142857143
2021-08-02,32.714285714285715,10.571428571428571,46.0
2021-08-03,34.142857142857146,10.428571428571429,47.285714285714285
2021-08-04,37.57142857142857,11.0,47.57142857142857
2021-08-05,37.714285714285715,12.571428571428571,48.142857142857146
2021-08-06,37.57142857142857,13.142857142857142,49.142857142857146
2021-08-07,40.285714285714285,13.428571428571429,54.142857142857146
2021-08-08,39.714285714285715,15.428571428571429,55.57142857142857
2021-08-09,36.142857142857146,14.571428571428571,60.285714285714285
2021-08-10,35.57142857142857,16.857142857142858,62.857142857142854
2021-08-11,33.142857142857146,17.428571428571427,65.28571428571429
2021-08-12,33.142857142857146,20.571428571428573,69.85714285714286
2021-08-13,33.57142857142857,20.571428571428573,71.42857142857143
2021-08-14,34.714285714285715,21.0,70.71428571428571
2021-08-15,35.57142857142857,20.0,71.71428571428571
2021-08-16,44.714285714285715,23.285714285714285,72.14285714285714
2021-08-17,47.142857142857146,23.857142857142858,69.0
2021-08-18,49.142857142857146,23.857142857142858,65.71428571428571
2021-08-19,49.142857142857146,19.857142857142858,62.0
2021-08-20,49.57142857142857,19.428571428571427,58.714285714285715
2021-08-21,48.714285714285715,19.142857142857142,58.42857142857143
2021-08-22,47.142857142857146,18.428571428571427,57.857142857142854
2021-08-23,38.142857142857146,15.285714285714286,54.142857142857146
2021-08-24,35.0,14.428571428571429,53.57142857142857
2021-08-25,32.714285714285715,13.285714285714286,53.57142857142857
2021-08-26,30.428571428571427,15.285714285714286,52.857142857142854
2021-08-27,28.428571428571427,17.142857142857142,52.57142857142857
2021-08-28,28.142857142857142,18.285714285714285,52.42857142857143
2021-08-29,28.571428571428573,19.142857142857142,52.142857142857146
2021-08-30,27.142857142857142,20.285714285714285,51.857142857142854
2021-08-31,23.142857142857142,17.428571428571427,45.857142857142854
2021-09-01,24.142857142857142,19.0,48.0
2021-09-02,26.0,18.0,50.0
2021-09-03,27.285714285714285,16.857142857142858,50.714285714285715
2021-09-04,28.857142857142858,16.428571428571427,51.285714285714285
2021-09-05,29.428571428571427,16.285714285714285,54.42857142857143
2021-09-06,33.285714285714285,17.142857142857142,57.142857142857146
2021-09-07,40.285714285714285,18.714285714285715,65.14285714285714
2021-09-08,42.0,17.142857142857142,65.42857142857143
2021-09-09,42.714285714285715,17.285714285714285,70.71428571428571
2021-09-10,43.285714285714285,17.714285714285715,74.57142857142857
2021-09-11,43.0,18.428571428571427,76.71428571428571
2021-09-12,41.857142857142854,17.142857142857142,72.42857142857143
2021-09-13,39.285714285714285,15.857142857142858,68.85714285714286
2021-09-14,36.285714285714285,15.857142857142858,71.57142857142857
2021-09-15,35.142857142857146,16.142857142857142,73.57142857142857
2021-09-16,37.142857142857146,16.285714285714285,73.14285714285714
2021-09-17,36.285714285714285,17.0,73.42857142857143
2021-09-18,38.142857142857146,16.285714285714285,69.57142857142857
2021-09-19,40.285714285714285,16.571428571428573,71.14285714285714
2021-09-20,40.42857142857143,15.142857142857142,67.57142857142857
2021-09-21,41.857142857142854,14.142857142857142,63.285714285714285
2021-09-22,39.142857142857146,12.857142857142858,60.857142857142854
2021-09-23,35.142857142857146,11.0,57.57142857142857
2021-09-24,34.142857142857146,9.428571428571429,55.0
2021-09-25,30.714285714285715,11.428571428571429,55.714285714285715
2021-09-26,27.571428571428573,12.857142857142858,57.714285714285715
2021-09-27,25.857142857142858,14.428571428571429,65.28571428571429
2021-09-28,26.142857142857142,16.0,70.0
2021-09-29,29.857142857142858,18.714285714285715,73.85714285714286
2021-09-30,26.571428571428573,17.142857142857142,63.57142857142857
2021-10-01,28.0,17.571428571428573,63.857142857142854
2021-10-02,32.0,15.571428571428571,67.85714285714286
2021-10-03,35.57142857142857,15.857142857142858,67.14285714285714
2021-10-04,39.57142857142857,15.857142857142858,67.14285714285714
2021-10-05,38.57142857142857,17.0,68.28571428571429
2021-10-06,35.857142857142854,15.428571428571429,69.14285714285714
2021-10-07,40.0,17.714285714285715,79.71428571428571
2021-10-08,40.714285714285715,18.571428571428573,83.28571428571429
2021-10-09,37.42857142857143,18.714285714285715,82.0
2021-10-10,34.714285714285715,17.571428571428573,83.57142857142857
2021-10-11,31.857142857142858,16.714285714285715,81.14285714285714
2021-10-12,31.857142857142858,15.0,81.57142857142857
2021-10-13,31.571428571428573,14.714285714285714,84.57142857142857
2021-10-14,30.714285714285715,14.0,88.0
2021-10-15,29.857142857142858,13.0,88.42857142857143
2021-10-16,31.0,12.571428571428571,89.71428571428571
2021-10-17,32.142857142857146,11.714285714285714,88.0
2021-10-18,33.285714285714285,11.428571428571429,90.0
2021-10-19,33.285714285714285,11.142857142857142,91.0
2021-10-20,33.285714285714285,10.428571428571429,89.14285714285714
2021-10-21,35.57142857142857,9.714285714285714,87.71428571428571
2021-10-22,34.857142857142854,10.571428571428571,85.42857142857143
2021-10-23,35.285714285714285,10.428571428571429,84.71428571428571
2021-10-24,35.0,10.714285714285714,84.57142857142857
2021-10-25,36.0,11.285714285714286,84.85714285714286
2021-10-26,37.42857142857143,11.857142857142858,81.14285714285714
2021-10-27,39.142857142857146,12.142857142857142,79.71428571428571
2021-10-28,36.285714285714285,13.0,78.0
2021-10-29,35.0,13.142857142857142,78.28571428571429
2021-10-30,33.714285714285715,13.428571428571429,77.28571428571429
2021-10-31,29.571428571428573,13.142857142857142,72.42857142857143
2021-11-01,26.0,13.714285714285714,72.28571428571429
2021-11-02,24.428571428571427,14.142857142857142,77.0
2021-11-03,23.857142857142858,16.0,76.57142857142857
2021-11-04,25.285714285714285,16.428571428571427,78.28571428571429
2021-11-05,29.428571428571427,14.571428571428571,79.42857142857143
2021-11-06,31.714285714285715,15.285714285714286,80.71428571428571
2021-11-07,36.42857142857143,16.285714285714285,88.0
2021-11-08,39.57142857142857,15.571428571428571,87.57142857142857
2021-11-09,40.42857142857143,17.428571428571427,83.85714285714286
2021-11-10,39.57142857142857,16.857142857142858,84.71428571428571
2021-11-11,38.714285714285715,17.714285714285715,84.57142857142857
2021-11-12,37.142857142857146,20.571428571428573,83.71428571428571
2021-11-13,36.714285714285715,20.142857142857142,86.0
2021-11-14,37.857142857142854,20.857142857142858,85.0
2021-11-15,35.857142857142854,20.571428571428573,87.57142857142857
2021-11-16,34.0,20.142857142857142,91.71428571428571
2021-11-17,33.714285714285715,20.571428571428573,92.57142857142857
2021-11-18,34.714285714285715,19.571428571428573,91.71428571428571
2021-11-19,33.42857142857143,17.142857142857142,90.0
2021-11-20,34.285714285714285,16.857142857142858,85.42857142857143
2021-11-21,38.0,16.428571428571427,86.14285714285714
2021-11-22,44.142857142857146,16.428571428571427,82.14285714285714
2021-11-23,46.285714285714285,14.428571428571429,79.71428571428571
2021-11-24,48.142857142857146,13.857142857142858,77.57142857142857
2021-11-25,49.57142857142857,14.142857142857142,78.28571428571429
2021-11-26,50.42857142857143,14.285714285714286,76.57142857142857
2021-11-27,46.714285714285715,13.714285714285714,78.28571428571429
2021-11-28,40.714285714285715,13.714285714285714,74.85714285714286
2021-11-29,36.0,14.142857142857142,71.28571428571429
2021-11-30,31.571428571428573,12.571428571428571,57.857142857142854
2021-12-01,29.857142857142858,12.571428571428571,56.0
2021-12-02,29.0,12.857142857142858,53.42857142857143
2021-12-03,27.857142857142858,12.285714285714286,54.42857142857143
2021-12-04,29.285714285714285,12.714285714285714,54.142857142857146
2021-12-05,29.142857142857142,13.428571428571429,58.0
2021-12-06,32.714285714285715,13.571428571428571,63.42857142857143
2021-12-07,38.57142857142857,15.857142857142858,74.57142857142857
2021-12-08,42.0,16.428571428571427,80.71428571428571
2021-12-09,41.57142857142857,16.714285714285715,85.42857142857143
2021-12-10,43.857142857142854,18.142857142857142,86.42857142857143
2021-12-11,42.57142857142857,18.571428571428573,88.14285714285714
2021-12-12,42.857142857142854,17.0,87.57142857142857
2021-12-13,40.0,17.714285714285715,87.71428571428571
2021-12-14,37.57142857142857,16.571428571428573,90.28571428571429
2021-12-15,33.57142857142857,15.714285714285714,87.85714285714286
2021-12-16,31.857142857142858,15.142857142857142,86.28571428571429
2021-12-17,31.428571428571427,14.857142857142858,90.0
2021-12-18,32.857142857142854,15.0,97.14285714285714
2021-12-19,33.285714285714285,16.142857142857142,97.42857142857143
2021-12-20,35.0,15.571428571428571,97.57142857142857
2021-12-21,35.285714285714285,16.714285714285715,96.28571428571429
2021-12-22,36.42857142857143,17.0,96.71428571428571
2021-12-23,37.42857142857143,17.285714285714285,97.71428571428571
2021-12-24,38.0,17.571428571428573,94.14285714285714
2021-12-25,37.0,17.0,82.85714285714286
2021-12-26,36.714285714285715,16.857142857142858,81.28571428571429
2021-12-27,34.0,16.428571428571427,77.71428571428571
2021-12-28,33.857142857142854,15.285714285714286,73.85714285714286
2021-12-29,37.142857142857146,14.571428571428571,69.14285714285714
2021-12-30,38.285714285714285,14.571428571428571,66.57142857142857
2021-12-31,32.0,12.0,56.42857142857143
