,Topic,Words,Frequency,Timestamp
0,53,"mv, lượt, mắt, tuyến, xem",1,1902-11-25 13:02:15
1,-1,"người, những, phim, do, của",12,2004-02-25 06:07:30
2,3,"giấy, tái, túy, ma, xuất",2,2004-02-25 06:07:30
3,12,"bay, khách, sân, chuyến, tapao",2,2004-02-25 06:07:30
4,14,"matrix, đốc, công, ban, an",1,2004-02-25 06:07:30
5,36,"sởi, bệnh, vắcxin, tiêm, vong",1,2004-02-25 06:07:30
6,37,"vùng, đồ, hcm, tp, án",1,2004-02-25 06:07:30
7,54,"phim, lhp, hartnet, pusan, diễn",1,2004-02-25 06:07:30
8,60,"hđnd, thí, phường, sao, pháp",1,2004-02-25 06:07:30
9,-1,"của, và, là, có, trong",77,2010-02-06 02:15:00
10,0,"trung, mỹ, quốc, biển, ndt",6,2010-02-06 02:15:00
11,1,"ng, triều, tiên, nh, hàn",2,2010-02-06 02:15:00
12,2,"cử, bầu, abhisit, phiếu, đảng",4,2010-02-06 02:15:00
13,3,"việt, nam, giá, tăng, khẩu",6,2010-02-06 02:15:00
14,4,"obama, cử, romney, ông, dò",2,2010-02-06 02:15:00
15,5,"tù, csatary, laszlo, di, an",7,2010-02-06 02:15:00
16,6,"crimea, ukraine, nga, lựu, cay",2,2010-02-06 02:15:00
17,7,"kong, hong, tình, biểu, viê",4,2010-02-06 02:15:00
18,9,"khách, du, ngon, món, sạn",4,2010-02-06 02:15:00
19,10,"thi, hậu, đẹp, hoa, miss",12,2010-02-06 02:15:00
20,11,"khuẩn, nhiễm, ndm, ca, ebola",2,2010-02-06 02:15:00
21,12,"bay, sân, zhengyun, khách, wang",4,2010-02-06 02:15:00
22,14,"ương, khóa, ủy, nguyễn, bộ",1,2010-02-06 02:15:00
23,15,"quang, thi, đăng, piano, sinh",3,2010-02-06 02:15:00
24,16,"mexico, nieto, venezuela, tổng, thống",1,2010-02-06 02:15:00
25,17,"pad, tình, biểu, người, wichai",1,2010-02-06 02:15:00
26,18,"trận, đội, đấu, phút, bóng",10,2010-02-06 02:15:00
27,20,"cư, luật, mỹ, nhập, viện",2,2010-02-06 02:15:00
28,21,"syria, annan, liên, nga, vũ",1,2010-02-06 02:15:00
29,22,"malmo, lựu, cảnh, thụy, hỏa",1,2010-02-06 02:15:00
30,23,"thăng, bay, rơi, trực, máy",4,2010-02-06 02:15:00
31,24,"trung, quốc, khí, vũ, cắp",2,2010-02-06 02:15:00
32,25,"thờ, pa, nhà, sa, đá",4,2010-02-06 02:15:00
33,30,"xe, jeep, chrysler, chiếc, lỗi",1,2010-02-06 02:15:00
34,31,"bạo, học, lực, sinh, lớp",7,2010-02-06 02:15:00
35,32,"apec, asean, nghị, shinzo, tịch",1,2010-02-06 02:15:00
36,34,"ng, tỷ, ngân, nợ, vay",2,2010-02-06 02:15:00
37,39,"xã, hội, nghèo, bảo, phúc",1,2010-02-06 02:15:00
38,40,"quý, 2010, nhật, tăng, gdp",2,2010-02-06 02:15:00
39,41,"israel, syria, golan, palestine, kênh",1,2010-02-06 02:15:00
40,43,"coulson, andy, the, anh, news",1,2010-02-06 02:15:00
41,44,"chồng, mẹ, em, tôi, ấy",6,2010-02-06 02:15:00
42,45,"lương, giá, tiền, định, tăng",2,2010-02-06 02:15:00
43,46,"khoán, giảm, tăng, usd, mỹ",1,2010-02-06 02:15:00
44,47,"đất, tỉnh, nẵng, đà, đai",5,2010-02-06 02:15:00
45,49,"mầm, non, học, trường, dạy",1,2010-02-06 02:15:00
46,51,"facebook, nhắn, lỗi, tin, thì",1,2010-02-06 02:15:00
47,53,"robot, mrobo, nhạc, justin, bieber",2,2010-02-06 02:15:00
48,54,"phim, lhp, megastar, rạp, chiếu",1,2010-02-06 02:15:00
49,57,"sein, myanmar, shwe, thein, spdc",1,2010-02-06 02:15:00
50,59,"giza, sudan, cairo, haiti, quyền",2,2010-02-06 02:15:00
51,60,"đất, lđđ, thu, hồi, dự",1,2010-02-06 02:15:00
52,63,"kín, tín, nhiệm, chẳng, lấy",1,2010-02-06 02:15:00
53,64,"vợ, thúy, chồng, thịnh, đức",1,2010-02-06 02:15:00
54,74,"giá, cent, tăng, usd, hàng",2,2010-02-06 02:15:00
55,75,"thái, lan, shinawatra, tình, biểu",2,2010-02-06 02:15:00
56,77,"đoàn, phố, huế, nghệ, thết",2,2010-02-06 02:15:00
57,78,"vàng, giá, 33, usd, ounce",2,2010-02-06 02:15:00
58,79,"windows, xp, microsoft, nsa, mã",3,2010-02-06 02:15:00
59,82,"campuchia, banh, tea, thăm, diplomat",1,2010-02-06 02:15:00
60,-1,"và, các, của, trong, có",3632,2016-01-18 22:22:30
61,0,"trung, quốc, mỹ, chiến, loan",408,2016-01-18 22:22:30
62,1,"triều, hàn, tiên, quốc, mỹ",322,2016-01-18 22:22:30
63,2,"cử, bầu, tri, phiếu, hđnd",274,2016-01-18 22:22:30
64,3,"việt, kinh, nam, nghiệp, tăng",241,2016-01-18 22:22:30
65,4,"cử, biden, trump, phiếu, ông",235,2016-01-18 22:22:30
66,5,"bị, an, giam, án, công",187,2016-01-18 22:22:30
67,6,"nga, quân, ukraine, chiến, putin",181,2016-01-18 22:22:30
68,7,"kong, hong, tình, biểu, kông",177,2016-01-18 22:22:30
69,8,"trump, ông, thống, tổng, cử",161,2016-01-18 22:22:30
70,9,"du, khách, lịch, đón, đến",151,2016-01-18 22:22:30
71,10,"hậu, đẹp, thi, hoa, cô",139,2016-01-18 22:22:30
72,11,"ca, nhiễm, vong, tử, số",149,2016-01-18 22:22:30
73,12,"bay, chuyến, khách, sân, hàng",145,2016-01-18 22:22:30
74,13,"bệnh, dịch, covid, 19, chống",118,2016-01-18 22:22:30
75,14,"ủy, ban, ương, bí, thư",107,2016-01-18 22:22:30
76,15,"học, sinh, thi, olympic, huy",97,2016-01-18 22:22:30
77,16,"venezuela, maduro, cuba, guaido, lập",97,2016-01-18 22:22:30
78,17,"myanmar, tình, người, biểu, quân",89,2016-01-18 22:22:30
79,18,"trận, bóng, đội, đấu, hlv",79,2016-01-18 22:22:30
80,19,"kinh, tế, giảm, tăng, dịch",88,2016-01-18 22:22:30
81,20,"cửa, trump, đóng, mỹ, luật",74,2016-01-18 22:22:30
82,21,"syria, quân, tấn, chiến, al",75,2016-01-18 22:22:30
83,22,"sát, tình, cảnh, biểu, floyd",71,2016-01-18 22:22:30
84,23,"bay, máy, thăng, quân, nạn",68,2016-01-18 22:22:30
85,24,"trung, quốc, tăng, kinh, tế",68,2016-01-18 22:22:30
86,25,"thờ, nhà, trúc, chuông, thánh",62,2016-01-18 22:22:30
87,26,"iran, mỹ, chiến, iraq, quân",64,2016-01-18 22:22:30
88,27,"thẻ, hàng, ngân, khách, toán",64,2016-01-18 22:22:30
89,28,"tuyển, điểm, thí, sinh, xét",61,2016-01-18 22:22:30
90,29,"macron, pháp, le, pen, cử",61,2016-01-18 22:22:30
91,30,"xe, vinfast, chiếc, mẫu, tô",60,2016-01-18 22:22:30
92,31,"bạo, học, lực, trẻ, em",53,2016-01-18 22:22:30
93,32,"asean, apec, biển, các, nghị",57,2016-01-18 22:22:30
94,33,"thờ, paris, đức, cháy, nhà",56,2016-01-18 22:22:30
95,34,"nợ, vay, ngân, tỷ, lãi",54,2016-01-18 22:22:30
96,35,"tình, biểu, người, cảnh, sát",55,2016-01-18 22:22:30
97,36,"vaccine, tiêm, liều, covid, 19",52,2016-01-18 22:22:30
98,37,"đường, án, tư, tuyến, khu",50,2016-01-18 22:22:30
99,38,"nông, trồng, sản, cây, huyện",51,2016-01-18 22:22:30
100,39,"triển, xã, kinh, hội, bhxh",50,2016-01-18 22:22:30
101,40,"hàn, tăng, quý, giảm, kinh",48,2016-01-18 22:22:30
102,41,"israel, palestine, gaza, jerusalem, hamas",49,2016-01-18 22:22:30
103,42,"nga, mỹ, thiệp, can, putin",47,2016-01-18 22:22:30
104,43,"brexit, anh, eu, thủ, johnson",46,2016-01-18 22:22:30
105,44,"chồng, vợ, tôi, con, mẹ",41,2016-01-18 22:22:30
106,45,"lương, tiền, sách, cải, ngân",43,2016-01-18 22:22:30
107,46,"fed, khoán, giảm, suất, thị",44,2016-01-18 22:22:30
108,47,"án, tỉnh, ubnd, đất, tra",40,2016-01-18 22:22:30
109,48,"samsung, smartphone, realme, iphone, apple",42,2016-01-18 22:22:30
110,49,"học, sinh, trường, giáo, chương",40,2016-01-18 22:22:30
111,50,"taliban, afghanistan, kabul, mỹ, quân",41,2016-01-18 22:22:30
112,51,"facebook, google, dùng, cáo, instagram",40,2016-01-18 22:22:30
113,52,"nhĩ, thổ, kỳ, syria, kurd",38,2016-01-18 22:22:30
114,53,"khúc, nhạc, ca, hát, điệu",35,2016-01-18 22:22:30
115,54,"phim, hoan, diễn, lhp, chiếu",35,2016-01-18 22:22:30
116,55,"súng, thờ, vụ, người, giáo",36,2016-01-18 22:22:30
117,56,"philippines, duterte, vfa, mỹ, manila",35,2016-01-18 22:22:30
118,57,"myanmar, suu, kyi, aung, bà",33,2016-01-18 22:22:30
119,58,"bệnh, viện, vinmec, khám, khoa",32,2016-01-18 22:22:30
120,59,"sudan, haiti, guinea, quân, mali",30,2016-01-18 22:22:30
121,60,"luật, hội, thảo, dự, pháp",29,2016-01-18 22:22:30
122,61,"tôn, giáo, tín, chức, ngưỡng",31,2016-01-18 22:22:30
123,62,"tăng, năm, kinh, gdp, doanh",31,2016-01-18 22:22:30
124,63,"ương, ban, hội, nhiệm, bí",29,2016-01-18 22:22:30
125,64,"phim, diễn, cô, tôi, khán",29,2016-01-18 22:22:30
126,65,"giáo, học, dục, trường, sinh",30,2016-01-18 22:22:30
127,66,"công, ty, nhân, lao, đình",29,2016-01-18 22:22:30
128,67,"quân, tỉnh, chqs, bộ, ủy",29,2016-01-18 22:22:30
129,68,"phủ, tướng, thủ, chính, bộ",28,2016-01-18 22:22:30
130,69,"belarus, lukashenko, cử, minsk, thống",28,2016-01-18 22:22:30
131,70,"âu, đảng, đức, châu, merkel",27,2016-01-18 22:22:30
132,71,"nữ, phụ, lhpn, hội, đại",27,2016-01-18 22:22:30
133,72,"huynh, học, phụ, trường, phí",26,2016-01-18 22:22:30
134,73,"ông, trump, mueller, tra, nga",26,2016-01-18 22:22:30
135,74,"giá, kg, tăng, mức, 000",24,2016-01-18 22:22:30
136,75,"lan, tình, thái, biểu, hoàng",23,2016-01-18 22:22:30
137,76,"huawei, tôi, chúng, hoa, ty",24,2016-01-18 22:22:30
138,77,"bức, nghệ, sĩ, tranh, diễn",22,2016-01-18 22:22:30
139,78,"vàng, giá, ounce, usd, sjc",21,2016-01-18 22:22:30
140,79,"mã, tấn, ransomware, tặc, hổng",20,2016-01-18 22:22:30
141,80,"nga, putin, phiếu, bỏ, cử",23,2016-01-18 22:22:30
142,81,"âu, euro, châu, eu, quân",22,2016-01-18 22:22:30
143,82,"campuchia, việt, tướng, nam, thủ",21,2016-01-18 22:22:30
144,83,"abe, nhật, bản, tướng, ông",22,2016-01-18 22:22:30
145,84,"lãm, phẩm, triển, nghiệp, công",22,2016-01-18 22:22:30
146,85,"tư, án, tỉnh, khu, hoạch",21,2016-01-18 22:22:30
147,86,"pháo, đạn, chiến, súng, xe",21,2016-01-18 22:22:30
